"LETO";"STAROSTNE SKUPINE";"DRUŽINSKA SKUPNOST, V KATERI JE ROJEN OTROK";"VRSTNI RED ROJSTVA";Živorojeni, rojeni v zakonski zvezi ali zunaj zakonske zveze
"2009";"Pod 15";"Rojeni v zakonski zvezi";"Prvo rojstvo";0
"2009";"Pod 15";"Rojeni v zakonski zvezi";"Drugo rojstvo";0
"2009";"Pod 15";"Rojeni v zakonski zvezi";"Tretje rojstvo";0
"2009";"Pod 15";"Rojeni v zakonski zvezi";"Èetrto rojstvo";0
"2009";"Pod 15";"Rojeni v zakonski zvezi";"Peto rojstvo";0
"2009";"Pod 15";"Rojeni v zakonski zvezi";"Šesto rojstvo ali veè";0
"2009";"Pod 15";"Rojeni zunaj zakonske zveze";"Prvo rojstvo";1
"2009";"Pod 15";"Rojeni zunaj zakonske zveze";"Drugo rojstvo";0
"2009";"Pod 15";"Rojeni zunaj zakonske zveze";"Tretje rojstvo";0
"2009";"Pod 15";"Rojeni zunaj zakonske zveze";"Èetrto rojstvo";0
"2009";"Pod 15";"Rojeni zunaj zakonske zveze";"Peto rojstvo";0
"2009";"Pod 15";"Rojeni zunaj zakonske zveze";"Šesto rojstvo ali veè";0
"2009";"15-19";"Rojeni v zakonski zvezi";"Prvo rojstvo";49
"2009";"15-19";"Rojeni v zakonski zvezi";"Drugo rojstvo";8
"2009";"15-19";"Rojeni v zakonski zvezi";"Tretje rojstvo";0
"2009";"15-19";"Rojeni v zakonski zvezi";"Èetrto rojstvo";0
"2009";"15-19";"Rojeni v zakonski zvezi";"Peto rojstvo";0
"2009";"15-19";"Rojeni v zakonski zvezi";"Šesto rojstvo ali veè";0
"2009";"15-19";"Rojeni zunaj zakonske zveze";"Prvo rojstvo";205
"2009";"15-19";"Rojeni zunaj zakonske zveze";"Drugo rojstvo";15
"2009";"15-19";"Rojeni zunaj zakonske zveze";"Tretje rojstvo";6
"2009";"15-19";"Rojeni zunaj zakonske zveze";"Èetrto rojstvo";0
"2009";"15-19";"Rojeni zunaj zakonske zveze";"Peto rojstvo";0
"2009";"15-19";"Rojeni zunaj zakonske zveze";"Šesto rojstvo ali veè";0
"2009";"20-24";"Rojeni v zakonski zvezi";"Prvo rojstvo";598
"2009";"20-24";"Rojeni v zakonski zvezi";"Drugo rojstvo";194
"2009";"20-24";"Rojeni v zakonski zvezi";"Tretje rojstvo";23
"2009";"20-24";"Rojeni v zakonski zvezi";"Èetrto rojstvo";8
"2009";"20-24";"Rojeni v zakonski zvezi";"Peto rojstvo";0
"2009";"20-24";"Rojeni v zakonski zvezi";"Šesto rojstvo ali veè";0
"2009";"20-24";"Rojeni zunaj zakonske zveze";"Prvo rojstvo";1461
"2009";"20-24";"Rojeni zunaj zakonske zveze";"Drugo rojstvo";318
"2009";"20-24";"Rojeni zunaj zakonske zveze";"Tretje rojstvo";42
"2009";"20-24";"Rojeni zunaj zakonske zveze";"Èetrto rojstvo";9
"2009";"20-24";"Rojeni zunaj zakonske zveze";"Peto rojstvo";1
"2009";"20-24";"Rojeni zunaj zakonske zveze";"Šesto rojstvo ali veè";2
"2009";"25-29";"Rojeni v zakonski zvezi";"Prvo rojstvo";1720
"2009";"25-29";"Rojeni v zakonski zvezi";"Drugo rojstvo";1385
"2009";"25-29";"Rojeni v zakonski zvezi";"Tretje rojstvo";302
"2009";"25-29";"Rojeni v zakonski zvezi";"Èetrto rojstvo";38
"2009";"25-29";"Rojeni v zakonski zvezi";"Peto rojstvo";4
"2009";"25-29";"Rojeni v zakonski zvezi";"Šesto rojstvo ali veè";3
"2009";"25-29";"Rojeni zunaj zakonske zveze";"Prvo rojstvo";2984
"2009";"25-29";"Rojeni zunaj zakonske zveze";"Drugo rojstvo";1252
"2009";"25-29";"Rojeni zunaj zakonske zveze";"Tretje rojstvo";140
"2009";"25-29";"Rojeni zunaj zakonske zveze";"Èetrto rojstvo";26
"2009";"25-29";"Rojeni zunaj zakonske zveze";"Peto rojstvo";9
"2009";"25-29";"Rojeni zunaj zakonske zveze";"Šesto rojstvo ali veè";5
"2009";"30-34";"Rojeni v zakonski zvezi";"Prvo rojstvo";1072
"2009";"30-34";"Rojeni v zakonski zvezi";"Drugo rojstvo";1893
"2009";"30-34";"Rojeni v zakonski zvezi";"Tretje rojstvo";786
"2009";"30-34";"Rojeni v zakonski zvezi";"Èetrto rojstvo";170
"2009";"30-34";"Rojeni v zakonski zvezi";"Peto rojstvo";41
"2009";"30-34";"Rojeni v zakonski zvezi";"Šesto rojstvo ali veè";15
"2009";"30-34";"Rojeni zunaj zakonske zveze";"Prvo rojstvo";1835
"2009";"30-34";"Rojeni zunaj zakonske zveze";"Drugo rojstvo";1634
"2009";"30-34";"Rojeni zunaj zakonske zveze";"Tretje rojstvo";296
"2009";"30-34";"Rojeni zunaj zakonske zveze";"Èetrto rojstvo";49
"2009";"30-34";"Rojeni zunaj zakonske zveze";"Peto rojstvo";10
"2009";"30-34";"Rojeni zunaj zakonske zveze";"Šesto rojstvo ali veè";14
"2009";"35-39";"Rojeni v zakonski zvezi";"Prvo rojstvo";253
"2009";"35-39";"Rojeni v zakonski zvezi";"Drugo rojstvo";578
"2009";"35-39";"Rojeni v zakonski zvezi";"Tretje rojstvo";451
"2009";"35-39";"Rojeni v zakonski zvezi";"Èetrto rojstvo";165
"2009";"35-39";"Rojeni v zakonski zvezi";"Peto rojstvo";43
"2009";"35-39";"Rojeni v zakonski zvezi";"Šesto rojstvo ali veè";31
"2009";"35-39";"Rojeni zunaj zakonske zveze";"Prvo rojstvo";445
"2009";"35-39";"Rojeni zunaj zakonske zveze";"Drugo rojstvo";552
"2009";"35-39";"Rojeni zunaj zakonske zveze";"Tretje rojstvo";199
"2009";"35-39";"Rojeni zunaj zakonske zveze";"Èetrto rojstvo";48
"2009";"35-39";"Rojeni zunaj zakonske zveze";"Peto rojstvo";12
"2009";"35-39";"Rojeni zunaj zakonske zveze";"Šesto rojstvo ali veè";9
"2009";"40-44";"Rojeni v zakonski zvezi";"Prvo rojstvo";45
"2009";"40-44";"Rojeni v zakonski zvezi";"Drugo rojstvo";79
"2009";"40-44";"Rojeni v zakonski zvezi";"Tretje rojstvo";57
"2009";"40-44";"Rojeni v zakonski zvezi";"Èetrto rojstvo";36
"2009";"40-44";"Rojeni v zakonski zvezi";"Peto rojstvo";20
"2009";"40-44";"Rojeni v zakonski zvezi";"Šesto rojstvo ali veè";15
"2009";"40-44";"Rojeni zunaj zakonske zveze";"Prvo rojstvo";62
"2009";"40-44";"Rojeni zunaj zakonske zveze";"Drugo rojstvo";48
"2009";"40-44";"Rojeni zunaj zakonske zveze";"Tretje rojstvo";43
"2009";"40-44";"Rojeni zunaj zakonske zveze";"Èetrto rojstvo";22
"2009";"40-44";"Rojeni zunaj zakonske zveze";"Peto rojstvo";4
"2009";"40-44";"Rojeni zunaj zakonske zveze";"Šesto rojstvo ali veè";4
"2009";"45-49";"Rojeni v zakonski zvezi";"Prvo rojstvo";4
"2009";"45-49";"Rojeni v zakonski zvezi";"Drugo rojstvo";1
"2009";"45-49";"Rojeni v zakonski zvezi";"Tretje rojstvo";2
"2009";"45-49";"Rojeni v zakonski zvezi";"Èetrto rojstvo";0
"2009";"45-49";"Rojeni v zakonski zvezi";"Peto rojstvo";0
"2009";"45-49";"Rojeni v zakonski zvezi";"Šesto rojstvo ali veè";0
"2009";"45-49";"Rojeni zunaj zakonske zveze";"Prvo rojstvo";0
"2009";"45-49";"Rojeni zunaj zakonske zveze";"Drugo rojstvo";3
"2009";"45-49";"Rojeni zunaj zakonske zveze";"Tretje rojstvo";2
"2009";"45-49";"Rojeni zunaj zakonske zveze";"Èetrto rojstvo";0
"2009";"45-49";"Rojeni zunaj zakonske zveze";"Peto rojstvo";0
"2009";"45-49";"Rojeni zunaj zakonske zveze";"Šesto rojstvo ali veè";0
"2009";"50+";"Rojeni v zakonski zvezi";"Prvo rojstvo";0
"2009";"50+";"Rojeni v zakonski zvezi";"Drugo rojstvo";0
"2009";"50+";"Rojeni v zakonski zvezi";"Tretje rojstvo";0
"2009";"50+";"Rojeni v zakonski zvezi";"Èetrto rojstvo";0
"2009";"50+";"Rojeni v zakonski zvezi";"Peto rojstvo";0
"2009";"50+";"Rojeni v zakonski zvezi";"Šesto rojstvo ali veè";0
"2009";"50+";"Rojeni zunaj zakonske zveze";"Prvo rojstvo";0
"2009";"50+";"Rojeni zunaj zakonske zveze";"Drugo rojstvo";0
"2009";"50+";"Rojeni zunaj zakonske zveze";"Tretje rojstvo";0
"2009";"50+";"Rojeni zunaj zakonske zveze";"Èetrto rojstvo";0
"2009";"50+";"Rojeni zunaj zakonske zveze";"Peto rojstvo";0
"2009";"50+";"Rojeni zunaj zakonske zveze";"Šesto rojstvo ali veè";0
"2010";"Pod 15";"Rojeni v zakonski zvezi";"Prvo rojstvo";0
"2010";"Pod 15";"Rojeni v zakonski zvezi";"Drugo rojstvo";0
"2010";"Pod 15";"Rojeni v zakonski zvezi";"Tretje rojstvo";0
"2010";"Pod 15";"Rojeni v zakonski zvezi";"Èetrto rojstvo";0
"2010";"Pod 15";"Rojeni v zakonski zvezi";"Peto rojstvo";0
"2010";"Pod 15";"Rojeni v zakonski zvezi";"Šesto rojstvo ali veè";0
"2010";"Pod 15";"Rojeni zunaj zakonske zveze";"Prvo rojstvo";1
"2010";"Pod 15";"Rojeni zunaj zakonske zveze";"Drugo rojstvo";0
"2010";"Pod 15";"Rojeni zunaj zakonske zveze";"Tretje rojstvo";0
"2010";"Pod 15";"Rojeni zunaj zakonske zveze";"Èetrto rojstvo";0
"2010";"Pod 15";"Rojeni zunaj zakonske zveze";"Peto rojstvo";0
"2010";"Pod 15";"Rojeni zunaj zakonske zveze";"Šesto rojstvo ali veè";0
"2010";"15-19";"Rojeni v zakonski zvezi";"Prvo rojstvo";55
"2010";"15-19";"Rojeni v zakonski zvezi";"Drugo rojstvo";6
"2010";"15-19";"Rojeni v zakonski zvezi";"Tretje rojstvo";0
"2010";"15-19";"Rojeni v zakonski zvezi";"Èetrto rojstvo";0
"2010";"15-19";"Rojeni v zakonski zvezi";"Peto rojstvo";0
"2010";"15-19";"Rojeni v zakonski zvezi";"Šesto rojstvo ali veè";0
"2010";"15-19";"Rojeni zunaj zakonske zveze";"Prvo rojstvo";163
"2010";"15-19";"Rojeni zunaj zakonske zveze";"Drugo rojstvo";22
"2010";"15-19";"Rojeni zunaj zakonske zveze";"Tretje rojstvo";3
"2010";"15-19";"Rojeni zunaj zakonske zveze";"Èetrto rojstvo";1
"2010";"15-19";"Rojeni zunaj zakonske zveze";"Peto rojstvo";0
"2010";"15-19";"Rojeni zunaj zakonske zveze";"Šesto rojstvo ali veè";0
"2010";"20-24";"Rojeni v zakonski zvezi";"Prvo rojstvo";566
"2010";"20-24";"Rojeni v zakonski zvezi";"Drugo rojstvo";212
"2010";"20-24";"Rojeni v zakonski zvezi";"Tretje rojstvo";27
"2010";"20-24";"Rojeni v zakonski zvezi";"Èetrto rojstvo";3
"2010";"20-24";"Rojeni v zakonski zvezi";"Peto rojstvo";3
"2010";"20-24";"Rojeni v zakonski zvezi";"Šesto rojstvo ali veè";0
"2010";"20-24";"Rojeni zunaj zakonske zveze";"Prvo rojstvo";1452
"2010";"20-24";"Rojeni zunaj zakonske zveze";"Drugo rojstvo";304
"2010";"20-24";"Rojeni zunaj zakonske zveze";"Tretje rojstvo";41
"2010";"20-24";"Rojeni zunaj zakonske zveze";"Èetrto rojstvo";14
"2010";"20-24";"Rojeni zunaj zakonske zveze";"Peto rojstvo";4
"2010";"20-24";"Rojeni zunaj zakonske zveze";"Šesto rojstvo ali veè";0
"2010";"25-29";"Rojeni v zakonski zvezi";"Prvo rojstvo";1614
"2010";"25-29";"Rojeni v zakonski zvezi";"Drugo rojstvo";1276
"2010";"25-29";"Rojeni v zakonski zvezi";"Tretje rojstvo";279
"2010";"25-29";"Rojeni v zakonski zvezi";"Èetrto rojstvo";51
"2010";"25-29";"Rojeni v zakonski zvezi";"Peto rojstvo";6
"2010";"25-29";"Rojeni v zakonski zvezi";"Šesto rojstvo ali veè";5
"2010";"25-29";"Rojeni zunaj zakonske zveze";"Prvo rojstvo";3128
"2010";"25-29";"Rojeni zunaj zakonske zveze";"Drugo rojstvo";1290
"2010";"25-29";"Rojeni zunaj zakonske zveze";"Tretje rojstvo";139
"2010";"25-29";"Rojeni zunaj zakonske zveze";"Èetrto rojstvo";34
"2010";"25-29";"Rojeni zunaj zakonske zveze";"Peto rojstvo";8
"2010";"25-29";"Rojeni zunaj zakonske zveze";"Šesto rojstvo ali veè";3
"2010";"30-34";"Rojeni v zakonski zvezi";"Prvo rojstvo";1069
"2010";"30-34";"Rojeni v zakonski zvezi";"Drugo rojstvo";1925
"2010";"30-34";"Rojeni v zakonski zvezi";"Tretje rojstvo";735
"2010";"30-34";"Rojeni v zakonski zvezi";"Èetrto rojstvo";176
"2010";"30-34";"Rojeni v zakonski zvezi";"Peto rojstvo";34
"2010";"30-34";"Rojeni v zakonski zvezi";"Šesto rojstvo ali veè";8
"2010";"30-34";"Rojeni zunaj zakonske zveze";"Prvo rojstvo";2019
"2010";"30-34";"Rojeni zunaj zakonske zveze";"Drugo rojstvo";1782
"2010";"30-34";"Rojeni zunaj zakonske zveze";"Tretje rojstvo";298
"2010";"30-34";"Rojeni zunaj zakonske zveze";"Èetrto rojstvo";50
"2010";"30-34";"Rojeni zunaj zakonske zveze";"Peto rojstvo";22
"2010";"30-34";"Rojeni zunaj zakonske zveze";"Šesto rojstvo ali veè";10
"2010";"35-39";"Rojeni v zakonski zvezi";"Prvo rojstvo";254
"2010";"35-39";"Rojeni v zakonski zvezi";"Drugo rojstvo";612
"2010";"35-39";"Rojeni v zakonski zvezi";"Tretje rojstvo";480
"2010";"35-39";"Rojeni v zakonski zvezi";"Èetrto rojstvo";169
"2010";"35-39";"Rojeni v zakonski zvezi";"Peto rojstvo";52
"2010";"35-39";"Rojeni v zakonski zvezi";"Šesto rojstvo ali veè";34
"2010";"35-39";"Rojeni zunaj zakonske zveze";"Prvo rojstvo";545
"2010";"35-39";"Rojeni zunaj zakonske zveze";"Drugo rojstvo";622
"2010";"35-39";"Rojeni zunaj zakonske zveze";"Tretje rojstvo";188
"2010";"35-39";"Rojeni zunaj zakonske zveze";"Èetrto rojstvo";49
"2010";"35-39";"Rojeni zunaj zakonske zveze";"Peto rojstvo";14
"2010";"35-39";"Rojeni zunaj zakonske zveze";"Šesto rojstvo ali veè";10
"2010";"40-44";"Rojeni v zakonski zvezi";"Prvo rojstvo";43
"2010";"40-44";"Rojeni v zakonski zvezi";"Drugo rojstvo";61
"2010";"40-44";"Rojeni v zakonski zvezi";"Tretje rojstvo";65
"2010";"40-44";"Rojeni v zakonski zvezi";"Èetrto rojstvo";29
"2010";"40-44";"Rojeni v zakonski zvezi";"Peto rojstvo";19
"2010";"40-44";"Rojeni v zakonski zvezi";"Šesto rojstvo ali veè";18
"2010";"40-44";"Rojeni zunaj zakonske zveze";"Prvo rojstvo";73
"2010";"40-44";"Rojeni zunaj zakonske zveze";"Drugo rojstvo";73
"2010";"40-44";"Rojeni zunaj zakonske zveze";"Tretje rojstvo";44
"2010";"40-44";"Rojeni zunaj zakonske zveze";"Èetrto rojstvo";15
"2010";"40-44";"Rojeni zunaj zakonske zveze";"Peto rojstvo";3
"2010";"40-44";"Rojeni zunaj zakonske zveze";"Šesto rojstvo ali veè";3
"2010";"45-49";"Rojeni v zakonski zvezi";"Prvo rojstvo";3
"2010";"45-49";"Rojeni v zakonski zvezi";"Drugo rojstvo";2
"2010";"45-49";"Rojeni v zakonski zvezi";"Tretje rojstvo";1
"2010";"45-49";"Rojeni v zakonski zvezi";"Èetrto rojstvo";3
"2010";"45-49";"Rojeni v zakonski zvezi";"Peto rojstvo";1
"2010";"45-49";"Rojeni v zakonski zvezi";"Šesto rojstvo ali veè";5
"2010";"45-49";"Rojeni zunaj zakonske zveze";"Prvo rojstvo";6
"2010";"45-49";"Rojeni zunaj zakonske zveze";"Drugo rojstvo";4
"2010";"45-49";"Rojeni zunaj zakonske zveze";"Tretje rojstvo";1
"2010";"45-49";"Rojeni zunaj zakonske zveze";"Èetrto rojstvo";1
"2010";"45-49";"Rojeni zunaj zakonske zveze";"Peto rojstvo";0
"2010";"45-49";"Rojeni zunaj zakonske zveze";"Šesto rojstvo ali veè";0
"2010";"50+";"Rojeni v zakonski zvezi";"Prvo rojstvo";0
"2010";"50+";"Rojeni v zakonski zvezi";"Drugo rojstvo";1
"2010";"50+";"Rojeni v zakonski zvezi";"Tretje rojstvo";0
"2010";"50+";"Rojeni v zakonski zvezi";"Èetrto rojstvo";0
"2010";"50+";"Rojeni v zakonski zvezi";"Peto rojstvo";0
"2010";"50+";"Rojeni v zakonski zvezi";"Šesto rojstvo ali veè";0
"2010";"50+";"Rojeni zunaj zakonske zveze";"Prvo rojstvo";1
"2010";"50+";"Rojeni zunaj zakonske zveze";"Drugo rojstvo";1
"2010";"50+";"Rojeni zunaj zakonske zveze";"Tretje rojstvo";0
"2010";"50+";"Rojeni zunaj zakonske zveze";"Èetrto rojstvo";0
"2010";"50+";"Rojeni zunaj zakonske zveze";"Peto rojstvo";0
"2010";"50+";"Rojeni zunaj zakonske zveze";"Šesto rojstvo ali veè";0
"2011";"Pod 15";"Rojeni v zakonski zvezi";"Prvo rojstvo";0
"2011";"Pod 15";"Rojeni v zakonski zvezi";"Drugo rojstvo";0
"2011";"Pod 15";"Rojeni v zakonski zvezi";"Tretje rojstvo";0
"2011";"Pod 15";"Rojeni v zakonski zvezi";"Èetrto rojstvo";0
"2011";"Pod 15";"Rojeni v zakonski zvezi";"Peto rojstvo";0
"2011";"Pod 15";"Rojeni v zakonski zvezi";"Šesto rojstvo ali veè";0
"2011";"Pod 15";"Rojeni zunaj zakonske zveze";"Prvo rojstvo";1
"2011";"Pod 15";"Rojeni zunaj zakonske zveze";"Drugo rojstvo";0
"2011";"Pod 15";"Rojeni zunaj zakonske zveze";"Tretje rojstvo";0
"2011";"Pod 15";"Rojeni zunaj zakonske zveze";"Èetrto rojstvo";0
"2011";"Pod 15";"Rojeni zunaj zakonske zveze";"Peto rojstvo";0
"2011";"Pod 15";"Rojeni zunaj zakonske zveze";"Šesto rojstvo ali veè";0
"2011";"15-19";"Rojeni v zakonski zvezi";"Prvo rojstvo";52
"2011";"15-19";"Rojeni v zakonski zvezi";"Drugo rojstvo";5
"2011";"15-19";"Rojeni v zakonski zvezi";"Tretje rojstvo";1
"2011";"15-19";"Rojeni v zakonski zvezi";"Èetrto rojstvo";0
"2011";"15-19";"Rojeni v zakonski zvezi";"Peto rojstvo";0
"2011";"15-19";"Rojeni v zakonski zvezi";"Šesto rojstvo ali veè";0
"2011";"15-19";"Rojeni zunaj zakonske zveze";"Prvo rojstvo";176
"2011";"15-19";"Rojeni zunaj zakonske zveze";"Drugo rojstvo";18
"2011";"15-19";"Rojeni zunaj zakonske zveze";"Tretje rojstvo";2
"2011";"15-19";"Rojeni zunaj zakonske zveze";"Èetrto rojstvo";0
"2011";"15-19";"Rojeni zunaj zakonske zveze";"Peto rojstvo";0
"2011";"15-19";"Rojeni zunaj zakonske zveze";"Šesto rojstvo ali veè";0
"2011";"20-24";"Rojeni v zakonski zvezi";"Prvo rojstvo";525
"2011";"20-24";"Rojeni v zakonski zvezi";"Drugo rojstvo";238
"2011";"20-24";"Rojeni v zakonski zvezi";"Tretje rojstvo";27
"2011";"20-24";"Rojeni v zakonski zvezi";"Èetrto rojstvo";7
"2011";"20-24";"Rojeni v zakonski zvezi";"Peto rojstvo";1
"2011";"20-24";"Rojeni v zakonski zvezi";"Šesto rojstvo ali veè";0
"2011";"20-24";"Rojeni zunaj zakonske zveze";"Prvo rojstvo";1411
"2011";"20-24";"Rojeni zunaj zakonske zveze";"Drugo rojstvo";268
"2011";"20-24";"Rojeni zunaj zakonske zveze";"Tretje rojstvo";36
"2011";"20-24";"Rojeni zunaj zakonske zveze";"Èetrto rojstvo";13
"2011";"20-24";"Rojeni zunaj zakonske zveze";"Peto rojstvo";2
"2011";"20-24";"Rojeni zunaj zakonske zveze";"Šesto rojstvo ali veè";1
"2011";"25-29";"Rojeni v zakonski zvezi";"Prvo rojstvo";1469
"2011";"25-29";"Rojeni v zakonski zvezi";"Drugo rojstvo";1292
"2011";"25-29";"Rojeni v zakonski zvezi";"Tretje rojstvo";245
"2011";"25-29";"Rojeni v zakonski zvezi";"Èetrto rojstvo";33
"2011";"25-29";"Rojeni v zakonski zvezi";"Peto rojstvo";7
"2011";"25-29";"Rojeni v zakonski zvezi";"Šesto rojstvo ali veè";2
"2011";"25-29";"Rojeni zunaj zakonske zveze";"Prvo rojstvo";2997
"2011";"25-29";"Rojeni zunaj zakonske zveze";"Drugo rojstvo";1323
"2011";"25-29";"Rojeni zunaj zakonske zveze";"Tretje rojstvo";136
"2011";"25-29";"Rojeni zunaj zakonske zveze";"Èetrto rojstvo";23
"2011";"25-29";"Rojeni zunaj zakonske zveze";"Peto rojstvo";3
"2011";"25-29";"Rojeni zunaj zakonske zveze";"Šesto rojstvo ali veè";4
"2011";"30-34";"Rojeni v zakonski zvezi";"Prvo rojstvo";1083
"2011";"30-34";"Rojeni v zakonski zvezi";"Drugo rojstvo";1778
"2011";"30-34";"Rojeni v zakonski zvezi";"Tretje rojstvo";710
"2011";"30-34";"Rojeni v zakonski zvezi";"Èetrto rojstvo";133
"2011";"30-34";"Rojeni v zakonski zvezi";"Peto rojstvo";36
"2011";"30-34";"Rojeni v zakonski zvezi";"Šesto rojstvo ali veè";15
"2011";"30-34";"Rojeni zunaj zakonske zveze";"Prvo rojstvo";1968
"2011";"30-34";"Rojeni zunaj zakonske zveze";"Drugo rojstvo";1882
"2011";"30-34";"Rojeni zunaj zakonske zveze";"Tretje rojstvo";286
"2011";"30-34";"Rojeni zunaj zakonske zveze";"Èetrto rojstvo";55
"2011";"30-34";"Rojeni zunaj zakonske zveze";"Peto rojstvo";13
"2011";"30-34";"Rojeni zunaj zakonske zveze";"Šesto rojstvo ali veè";16
"2011";"35-39";"Rojeni v zakonski zvezi";"Prvo rojstvo";299
"2011";"35-39";"Rojeni v zakonski zvezi";"Drugo rojstvo";597
"2011";"35-39";"Rojeni v zakonski zvezi";"Tretje rojstvo";453
"2011";"35-39";"Rojeni v zakonski zvezi";"Èetrto rojstvo";163
"2011";"35-39";"Rojeni v zakonski zvezi";"Peto rojstvo";55
"2011";"35-39";"Rojeni v zakonski zvezi";"Šesto rojstvo ali veè";23
"2011";"35-39";"Rojeni zunaj zakonske zveze";"Prvo rojstvo";532
"2011";"35-39";"Rojeni zunaj zakonske zveze";"Drugo rojstvo";772
"2011";"35-39";"Rojeni zunaj zakonske zveze";"Tretje rojstvo";213
"2011";"35-39";"Rojeni zunaj zakonske zveze";"Èetrto rojstvo";42
"2011";"35-39";"Rojeni zunaj zakonske zveze";"Peto rojstvo";22
"2011";"35-39";"Rojeni zunaj zakonske zveze";"Šesto rojstvo ali veè";11
"2011";"40-44";"Rojeni v zakonski zvezi";"Prvo rojstvo";46
"2011";"40-44";"Rojeni v zakonski zvezi";"Drugo rojstvo";65
"2011";"40-44";"Rojeni v zakonski zvezi";"Tretje rojstvo";55
"2011";"40-44";"Rojeni v zakonski zvezi";"Èetrto rojstvo";37
"2011";"40-44";"Rojeni v zakonski zvezi";"Peto rojstvo";14
"2011";"40-44";"Rojeni v zakonski zvezi";"Šesto rojstvo ali veè";11
"2011";"40-44";"Rojeni zunaj zakonske zveze";"Prvo rojstvo";71
"2011";"40-44";"Rojeni zunaj zakonske zveze";"Drugo rojstvo";85
"2011";"40-44";"Rojeni zunaj zakonske zveze";"Tretje rojstvo";44
"2011";"40-44";"Rojeni zunaj zakonske zveze";"Èetrto rojstvo";25
"2011";"40-44";"Rojeni zunaj zakonske zveze";"Peto rojstvo";1
"2011";"40-44";"Rojeni zunaj zakonske zveze";"Šesto rojstvo ali veè";2
"2011";"45-49";"Rojeni v zakonski zvezi";"Prvo rojstvo";2
"2011";"45-49";"Rojeni v zakonski zvezi";"Drugo rojstvo";2
"2011";"45-49";"Rojeni v zakonski zvezi";"Tretje rojstvo";1
"2011";"45-49";"Rojeni v zakonski zvezi";"Èetrto rojstvo";1
"2011";"45-49";"Rojeni v zakonski zvezi";"Peto rojstvo";0
"2011";"45-49";"Rojeni v zakonski zvezi";"Šesto rojstvo ali veè";1
"2011";"45-49";"Rojeni zunaj zakonske zveze";"Prvo rojstvo";4
"2011";"45-49";"Rojeni zunaj zakonske zveze";"Drugo rojstvo";2
"2011";"45-49";"Rojeni zunaj zakonske zveze";"Tretje rojstvo";1
"2011";"45-49";"Rojeni zunaj zakonske zveze";"Èetrto rojstvo";1
"2011";"45-49";"Rojeni zunaj zakonske zveze";"Peto rojstvo";0
"2011";"45-49";"Rojeni zunaj zakonske zveze";"Šesto rojstvo ali veè";0
"2011";"50+";"Rojeni v zakonski zvezi";"Prvo rojstvo";0
"2011";"50+";"Rojeni v zakonski zvezi";"Drugo rojstvo";0
"2011";"50+";"Rojeni v zakonski zvezi";"Tretje rojstvo";0
"2011";"50+";"Rojeni v zakonski zvezi";"Èetrto rojstvo";0
"2011";"50+";"Rojeni v zakonski zvezi";"Peto rojstvo";0
"2011";"50+";"Rojeni v zakonski zvezi";"Šesto rojstvo ali veè";0
"2011";"50+";"Rojeni zunaj zakonske zveze";"Prvo rojstvo";1
"2011";"50+";"Rojeni zunaj zakonske zveze";"Drugo rojstvo";0
"2011";"50+";"Rojeni zunaj zakonske zveze";"Tretje rojstvo";0
"2011";"50+";"Rojeni zunaj zakonske zveze";"Èetrto rojstvo";0
"2011";"50+";"Rojeni zunaj zakonske zveze";"Peto rojstvo";0
"2011";"50+";"Rojeni zunaj zakonske zveze";"Šesto rojstvo ali veè";0
"2012";"Pod 15";"Rojeni v zakonski zvezi";"Prvo rojstvo";0
"2012";"Pod 15";"Rojeni v zakonski zvezi";"Drugo rojstvo";0
"2012";"Pod 15";"Rojeni v zakonski zvezi";"Tretje rojstvo";0
"2012";"Pod 15";"Rojeni v zakonski zvezi";"Èetrto rojstvo";0
"2012";"Pod 15";"Rojeni v zakonski zvezi";"Peto rojstvo";0
"2012";"Pod 15";"Rojeni v zakonski zvezi";"Šesto rojstvo ali veè";0
"2012";"Pod 15";"Rojeni zunaj zakonske zveze";"Prvo rojstvo";3
"2012";"Pod 15";"Rojeni zunaj zakonske zveze";"Drugo rojstvo";0
"2012";"Pod 15";"Rojeni zunaj zakonske zveze";"Tretje rojstvo";0
"2012";"Pod 15";"Rojeni zunaj zakonske zveze";"Èetrto rojstvo";0
"2012";"Pod 15";"Rojeni zunaj zakonske zveze";"Peto rojstvo";0
"2012";"Pod 15";"Rojeni zunaj zakonske zveze";"Šesto rojstvo ali veè";0
"2012";"15-19";"Rojeni v zakonski zvezi";"Prvo rojstvo";35
"2012";"15-19";"Rojeni v zakonski zvezi";"Drugo rojstvo";6
"2012";"15-19";"Rojeni v zakonski zvezi";"Tretje rojstvo";1
"2012";"15-19";"Rojeni v zakonski zvezi";"Èetrto rojstvo";0
"2012";"15-19";"Rojeni v zakonski zvezi";"Peto rojstvo";0
"2012";"15-19";"Rojeni v zakonski zvezi";"Šesto rojstvo ali veè";0
"2012";"15-19";"Rojeni zunaj zakonske zveze";"Prvo rojstvo";149
"2012";"15-19";"Rojeni zunaj zakonske zveze";"Drugo rojstvo";23
"2012";"15-19";"Rojeni zunaj zakonske zveze";"Tretje rojstvo";3
"2012";"15-19";"Rojeni zunaj zakonske zveze";"Èetrto rojstvo";0
"2012";"15-19";"Rojeni zunaj zakonske zveze";"Peto rojstvo";0
"2012";"15-19";"Rojeni zunaj zakonske zveze";"Šesto rojstvo ali veè";0
"2012";"20-24";"Rojeni v zakonski zvezi";"Prvo rojstvo";556
"2012";"20-24";"Rojeni v zakonski zvezi";"Drugo rojstvo";223
"2012";"20-24";"Rojeni v zakonski zvezi";"Tretje rojstvo";29
"2012";"20-24";"Rojeni v zakonski zvezi";"Èetrto rojstvo";3
"2012";"20-24";"Rojeni v zakonski zvezi";"Peto rojstvo";1
"2012";"20-24";"Rojeni v zakonski zvezi";"Šesto rojstvo ali veè";0
"2012";"20-24";"Rojeni zunaj zakonske zveze";"Prvo rojstvo";1395
"2012";"20-24";"Rojeni zunaj zakonske zveze";"Drugo rojstvo";281
"2012";"20-24";"Rojeni zunaj zakonske zveze";"Tretje rojstvo";46
"2012";"20-24";"Rojeni zunaj zakonske zveze";"Èetrto rojstvo";10
"2012";"20-24";"Rojeni zunaj zakonske zveze";"Peto rojstvo";3
"2012";"20-24";"Rojeni zunaj zakonske zveze";"Šesto rojstvo ali veè";2
"2012";"25-29";"Rojeni v zakonski zvezi";"Prvo rojstvo";1429
"2012";"25-29";"Rojeni v zakonski zvezi";"Drugo rojstvo";1248
"2012";"25-29";"Rojeni v zakonski zvezi";"Tretje rojstvo";253
"2012";"25-29";"Rojeni v zakonski zvezi";"Èetrto rojstvo";25
"2012";"25-29";"Rojeni v zakonski zvezi";"Peto rojstvo";5
"2012";"25-29";"Rojeni v zakonski zvezi";"Šesto rojstvo ali veè";1
"2012";"25-29";"Rojeni zunaj zakonske zveze";"Prvo rojstvo";2907
"2012";"25-29";"Rojeni zunaj zakonske zveze";"Drugo rojstvo";1325
"2012";"25-29";"Rojeni zunaj zakonske zveze";"Tretje rojstvo";158
"2012";"25-29";"Rojeni zunaj zakonske zveze";"Èetrto rojstvo";23
"2012";"25-29";"Rojeni zunaj zakonske zveze";"Peto rojstvo";10
"2012";"25-29";"Rojeni zunaj zakonske zveze";"Šesto rojstvo ali veè";1
"2012";"30-34";"Rojeni v zakonski zvezi";"Prvo rojstvo";987
"2012";"30-34";"Rojeni v zakonski zvezi";"Drugo rojstvo";1809
"2012";"30-34";"Rojeni v zakonski zvezi";"Tretje rojstvo";701
"2012";"30-34";"Rojeni v zakonski zvezi";"Èetrto rojstvo";115
"2012";"30-34";"Rojeni v zakonski zvezi";"Peto rojstvo";26
"2012";"30-34";"Rojeni v zakonski zvezi";"Šesto rojstvo ali veè";7
"2012";"30-34";"Rojeni zunaj zakonske zveze";"Prvo rojstvo";2031
"2012";"30-34";"Rojeni zunaj zakonske zveze";"Drugo rojstvo";1950
"2012";"30-34";"Rojeni zunaj zakonske zveze";"Tretje rojstvo";302
"2012";"30-34";"Rojeni zunaj zakonske zveze";"Èetrto rojstvo";58
"2012";"30-34";"Rojeni zunaj zakonske zveze";"Peto rojstvo";8
"2012";"30-34";"Rojeni zunaj zakonske zveze";"Šesto rojstvo ali veè";17
"2012";"35-39";"Rojeni v zakonski zvezi";"Prvo rojstvo";275
"2012";"35-39";"Rojeni v zakonski zvezi";"Drugo rojstvo";660
"2012";"35-39";"Rojeni v zakonski zvezi";"Tretje rojstvo";397
"2012";"35-39";"Rojeni v zakonski zvezi";"Èetrto rojstvo";150
"2012";"35-39";"Rojeni v zakonski zvezi";"Peto rojstvo";43
"2012";"35-39";"Rojeni v zakonski zvezi";"Šesto rojstvo ali veè";23
"2012";"35-39";"Rojeni zunaj zakonske zveze";"Prvo rojstvo";608
"2012";"35-39";"Rojeni zunaj zakonske zveze";"Drugo rojstvo";746
"2012";"35-39";"Rojeni zunaj zakonske zveze";"Tretje rojstvo";241
"2012";"35-39";"Rojeni zunaj zakonske zveze";"Èetrto rojstvo";43
"2012";"35-39";"Rojeni zunaj zakonske zveze";"Peto rojstvo";15
"2012";"35-39";"Rojeni zunaj zakonske zveze";"Šesto rojstvo ali veè";11
"2012";"40-44";"Rojeni v zakonski zvezi";"Prvo rojstvo";55
"2012";"40-44";"Rojeni v zakonski zvezi";"Drugo rojstvo";94
"2012";"40-44";"Rojeni v zakonski zvezi";"Tretje rojstvo";60
"2012";"40-44";"Rojeni v zakonski zvezi";"Èetrto rojstvo";40
"2012";"40-44";"Rojeni v zakonski zvezi";"Peto rojstvo";20
"2012";"40-44";"Rojeni v zakonski zvezi";"Šesto rojstvo ali veè";12
"2012";"40-44";"Rojeni zunaj zakonske zveze";"Prvo rojstvo";85
"2012";"40-44";"Rojeni zunaj zakonske zveze";"Drugo rojstvo";92
"2012";"40-44";"Rojeni zunaj zakonske zveze";"Tretje rojstvo";54
"2012";"40-44";"Rojeni zunaj zakonske zveze";"Èetrto rojstvo";10
"2012";"40-44";"Rojeni zunaj zakonske zveze";"Peto rojstvo";8
"2012";"40-44";"Rojeni zunaj zakonske zveze";"Šesto rojstvo ali veè";2
"2012";"45-49";"Rojeni v zakonski zvezi";"Prvo rojstvo";4
"2012";"45-49";"Rojeni v zakonski zvezi";"Drugo rojstvo";4
"2012";"45-49";"Rojeni v zakonski zvezi";"Tretje rojstvo";4
"2012";"45-49";"Rojeni v zakonski zvezi";"Èetrto rojstvo";1
"2012";"45-49";"Rojeni v zakonski zvezi";"Peto rojstvo";1
"2012";"45-49";"Rojeni v zakonski zvezi";"Šesto rojstvo ali veè";1
"2012";"45-49";"Rojeni zunaj zakonske zveze";"Prvo rojstvo";5
"2012";"45-49";"Rojeni zunaj zakonske zveze";"Drugo rojstvo";5
"2012";"45-49";"Rojeni zunaj zakonske zveze";"Tretje rojstvo";3
"2012";"45-49";"Rojeni zunaj zakonske zveze";"Èetrto rojstvo";0
"2012";"45-49";"Rojeni zunaj zakonske zveze";"Peto rojstvo";0
"2012";"45-49";"Rojeni zunaj zakonske zveze";"Šesto rojstvo ali veè";0
"2012";"50+";"Rojeni v zakonski zvezi";"Prvo rojstvo";0
"2012";"50+";"Rojeni v zakonski zvezi";"Drugo rojstvo";0
"2012";"50+";"Rojeni v zakonski zvezi";"Tretje rojstvo";1
"2012";"50+";"Rojeni v zakonski zvezi";"Èetrto rojstvo";0
"2012";"50+";"Rojeni v zakonski zvezi";"Peto rojstvo";0
"2012";"50+";"Rojeni v zakonski zvezi";"Šesto rojstvo ali veè";0
"2012";"50+";"Rojeni zunaj zakonske zveze";"Prvo rojstvo";0
"2012";"50+";"Rojeni zunaj zakonske zveze";"Drugo rojstvo";0
"2012";"50+";"Rojeni zunaj zakonske zveze";"Tretje rojstvo";0
"2012";"50+";"Rojeni zunaj zakonske zveze";"Èetrto rojstvo";0
"2012";"50+";"Rojeni zunaj zakonske zveze";"Peto rojstvo";0
"2012";"50+";"Rojeni zunaj zakonske zveze";"Šesto rojstvo ali veè";0
"2013";"Pod 15";"Rojeni v zakonski zvezi";"Prvo rojstvo";0
"2013";"Pod 15";"Rojeni v zakonski zvezi";"Drugo rojstvo";0
"2013";"Pod 15";"Rojeni v zakonski zvezi";"Tretje rojstvo";0
"2013";"Pod 15";"Rojeni v zakonski zvezi";"Èetrto rojstvo";0
"2013";"Pod 15";"Rojeni v zakonski zvezi";"Peto rojstvo";0
"2013";"Pod 15";"Rojeni v zakonski zvezi";"Šesto rojstvo ali veè";0
"2013";"Pod 15";"Rojeni zunaj zakonske zveze";"Prvo rojstvo";3
"2013";"Pod 15";"Rojeni zunaj zakonske zveze";"Drugo rojstvo";0
"2013";"Pod 15";"Rojeni zunaj zakonske zveze";"Tretje rojstvo";0
"2013";"Pod 15";"Rojeni zunaj zakonske zveze";"Èetrto rojstvo";0
"2013";"Pod 15";"Rojeni zunaj zakonske zveze";"Peto rojstvo";0
"2013";"Pod 15";"Rojeni zunaj zakonske zveze";"Šesto rojstvo ali veè";0
"2013";"15-19";"Rojeni v zakonski zvezi";"Prvo rojstvo";38
"2013";"15-19";"Rojeni v zakonski zvezi";"Drugo rojstvo";4
"2013";"15-19";"Rojeni v zakonski zvezi";"Tretje rojstvo";0
"2013";"15-19";"Rojeni v zakonski zvezi";"Èetrto rojstvo";0
"2013";"15-19";"Rojeni v zakonski zvezi";"Peto rojstvo";0
"2013";"15-19";"Rojeni v zakonski zvezi";"Šesto rojstvo ali veè";0
"2013";"15-19";"Rojeni zunaj zakonske zveze";"Prvo rojstvo";156
"2013";"15-19";"Rojeni zunaj zakonske zveze";"Drugo rojstvo";16
"2013";"15-19";"Rojeni zunaj zakonske zveze";"Tretje rojstvo";7
"2013";"15-19";"Rojeni zunaj zakonske zveze";"Èetrto rojstvo";0
"2013";"15-19";"Rojeni zunaj zakonske zveze";"Peto rojstvo";0
"2013";"15-19";"Rojeni zunaj zakonske zveze";"Šesto rojstvo ali veè";0
"2013";"20-24";"Rojeni v zakonski zvezi";"Prvo rojstvo";577
"2013";"20-24";"Rojeni v zakonski zvezi";"Drugo rojstvo";239
"2013";"20-24";"Rojeni v zakonski zvezi";"Tretje rojstvo";33
"2013";"20-24";"Rojeni v zakonski zvezi";"Èetrto rojstvo";3
"2013";"20-24";"Rojeni v zakonski zvezi";"Peto rojstvo";1
"2013";"20-24";"Rojeni v zakonski zvezi";"Šesto rojstvo ali veè";0
"2013";"20-24";"Rojeni zunaj zakonske zveze";"Prvo rojstvo";1287
"2013";"20-24";"Rojeni zunaj zakonske zveze";"Drugo rojstvo";266
"2013";"20-24";"Rojeni zunaj zakonske zveze";"Tretje rojstvo";29
"2013";"20-24";"Rojeni zunaj zakonske zveze";"Èetrto rojstvo";10
"2013";"20-24";"Rojeni zunaj zakonske zveze";"Peto rojstvo";2
"2013";"20-24";"Rojeni zunaj zakonske zveze";"Šesto rojstvo ali veè";2
"2013";"25-29";"Rojeni v zakonski zvezi";"Prvo rojstvo";1424
"2013";"25-29";"Rojeni v zakonski zvezi";"Drugo rojstvo";1152
"2013";"25-29";"Rojeni v zakonski zvezi";"Tretje rojstvo";231
"2013";"25-29";"Rojeni v zakonski zvezi";"Èetrto rojstvo";35
"2013";"25-29";"Rojeni v zakonski zvezi";"Peto rojstvo";7
"2013";"25-29";"Rojeni v zakonski zvezi";"Šesto rojstvo ali veè";3
"2013";"25-29";"Rojeni zunaj zakonske zveze";"Prvo rojstvo";2857
"2013";"25-29";"Rojeni zunaj zakonske zveze";"Drugo rojstvo";1262
"2013";"25-29";"Rojeni zunaj zakonske zveze";"Tretje rojstvo";150
"2013";"25-29";"Rojeni zunaj zakonske zveze";"Èetrto rojstvo";21
"2013";"25-29";"Rojeni zunaj zakonske zveze";"Peto rojstvo";11
"2013";"25-29";"Rojeni zunaj zakonske zveze";"Šesto rojstvo ali veè";5
"2013";"30-34";"Rojeni v zakonski zvezi";"Prvo rojstvo";992
"2013";"30-34";"Rojeni v zakonski zvezi";"Drugo rojstvo";1672
"2013";"30-34";"Rojeni v zakonski zvezi";"Tretje rojstvo";602
"2013";"30-34";"Rojeni v zakonski zvezi";"Èetrto rojstvo";113
"2013";"30-34";"Rojeni v zakonski zvezi";"Peto rojstvo";23
"2013";"30-34";"Rojeni v zakonski zvezi";"Šesto rojstvo ali veè";9
"2013";"30-34";"Rojeni zunaj zakonske zveze";"Prvo rojstvo";2053
"2013";"30-34";"Rojeni zunaj zakonske zveze";"Drugo rojstvo";1799
"2013";"30-34";"Rojeni zunaj zakonske zveze";"Tretje rojstvo";289
"2013";"30-34";"Rojeni zunaj zakonske zveze";"Èetrto rojstvo";42
"2013";"30-34";"Rojeni zunaj zakonske zveze";"Peto rojstvo";17
"2013";"30-34";"Rojeni zunaj zakonske zveze";"Šesto rojstvo ali veè";10
"2013";"35-39";"Rojeni v zakonski zvezi";"Prvo rojstvo";302
"2013";"35-39";"Rojeni v zakonski zvezi";"Drugo rojstvo";590
"2013";"35-39";"Rojeni v zakonski zvezi";"Tretje rojstvo";359
"2013";"35-39";"Rojeni v zakonski zvezi";"Èetrto rojstvo";130
"2013";"35-39";"Rojeni v zakonski zvezi";"Peto rojstvo";40
"2013";"35-39";"Rojeni v zakonski zvezi";"Šesto rojstvo ali veè";17
"2013";"35-39";"Rojeni zunaj zakonske zveze";"Prvo rojstvo";633
"2013";"35-39";"Rojeni zunaj zakonske zveze";"Drugo rojstvo";731
"2013";"35-39";"Rojeni zunaj zakonske zveze";"Tretje rojstvo";248
"2013";"35-39";"Rojeni zunaj zakonske zveze";"Èetrto rojstvo";46
"2013";"35-39";"Rojeni zunaj zakonske zveze";"Peto rojstvo";12
"2013";"35-39";"Rojeni zunaj zakonske zveze";"Šesto rojstvo ali veè";5
"2013";"40-44";"Rojeni v zakonski zvezi";"Prvo rojstvo";47
"2013";"40-44";"Rojeni v zakonski zvezi";"Drugo rojstvo";73
"2013";"40-44";"Rojeni v zakonski zvezi";"Tretje rojstvo";72
"2013";"40-44";"Rojeni v zakonski zvezi";"Èetrto rojstvo";31
"2013";"40-44";"Rojeni v zakonski zvezi";"Peto rojstvo";17
"2013";"40-44";"Rojeni v zakonski zvezi";"Šesto rojstvo ali veè";22
"2013";"40-44";"Rojeni zunaj zakonske zveze";"Prvo rojstvo";93
"2013";"40-44";"Rojeni zunaj zakonske zveze";"Drugo rojstvo";103
"2013";"40-44";"Rojeni zunaj zakonske zveze";"Tretje rojstvo";34
"2013";"40-44";"Rojeni zunaj zakonske zveze";"Èetrto rojstvo";23
"2013";"40-44";"Rojeni zunaj zakonske zveze";"Peto rojstvo";3
"2013";"40-44";"Rojeni zunaj zakonske zveze";"Šesto rojstvo ali veè";2
"2013";"45-49";"Rojeni v zakonski zvezi";"Prvo rojstvo";4
"2013";"45-49";"Rojeni v zakonski zvezi";"Drugo rojstvo";7
"2013";"45-49";"Rojeni v zakonski zvezi";"Tretje rojstvo";2
"2013";"45-49";"Rojeni v zakonski zvezi";"Èetrto rojstvo";0
"2013";"45-49";"Rojeni v zakonski zvezi";"Peto rojstvo";2
"2013";"45-49";"Rojeni v zakonski zvezi";"Šesto rojstvo ali veè";1
"2013";"45-49";"Rojeni zunaj zakonske zveze";"Prvo rojstvo";3
"2013";"45-49";"Rojeni zunaj zakonske zveze";"Drugo rojstvo";3
"2013";"45-49";"Rojeni zunaj zakonske zveze";"Tretje rojstvo";4
"2013";"45-49";"Rojeni zunaj zakonske zveze";"Èetrto rojstvo";0
"2013";"45-49";"Rojeni zunaj zakonske zveze";"Peto rojstvo";0
"2013";"45-49";"Rojeni zunaj zakonske zveze";"Šesto rojstvo ali veè";0
"2013";"50+";"Rojeni v zakonski zvezi";"Prvo rojstvo";0
"2013";"50+";"Rojeni v zakonski zvezi";"Drugo rojstvo";0
"2013";"50+";"Rojeni v zakonski zvezi";"Tretje rojstvo";0
"2013";"50+";"Rojeni v zakonski zvezi";"Èetrto rojstvo";0
"2013";"50+";"Rojeni v zakonski zvezi";"Peto rojstvo";0
"2013";"50+";"Rojeni v zakonski zvezi";"Šesto rojstvo ali veè";0
"2013";"50+";"Rojeni zunaj zakonske zveze";"Prvo rojstvo";0
"2013";"50+";"Rojeni zunaj zakonske zveze";"Drugo rojstvo";0
"2013";"50+";"Rojeni zunaj zakonske zveze";"Tretje rojstvo";0
"2013";"50+";"Rojeni zunaj zakonske zveze";"Èetrto rojstvo";0
"2013";"50+";"Rojeni zunaj zakonske zveze";"Peto rojstvo";0
"2013";"50+";"Rojeni zunaj zakonske zveze";"Šesto rojstvo ali veè";0
"2014";"Pod 15";"Rojeni v zakonski zvezi";"Prvo rojstvo";0
"2014";"Pod 15";"Rojeni v zakonski zvezi";"Drugo rojstvo";0
"2014";"Pod 15";"Rojeni v zakonski zvezi";"Tretje rojstvo";0
"2014";"Pod 15";"Rojeni v zakonski zvezi";"Èetrto rojstvo";0
"2014";"Pod 15";"Rojeni v zakonski zvezi";"Peto rojstvo";0
"2014";"Pod 15";"Rojeni v zakonski zvezi";"Šesto rojstvo ali veè";0
"2014";"Pod 15";"Rojeni zunaj zakonske zveze";"Prvo rojstvo";1
"2014";"Pod 15";"Rojeni zunaj zakonske zveze";"Drugo rojstvo";0
"2014";"Pod 15";"Rojeni zunaj zakonske zveze";"Tretje rojstvo";0
"2014";"Pod 15";"Rojeni zunaj zakonske zveze";"Èetrto rojstvo";0
"2014";"Pod 15";"Rojeni zunaj zakonske zveze";"Peto rojstvo";0
"2014";"Pod 15";"Rojeni zunaj zakonske zveze";"Šesto rojstvo ali veè";0
"2014";"15-19";"Rojeni v zakonski zvezi";"Prvo rojstvo";40
"2014";"15-19";"Rojeni v zakonski zvezi";"Drugo rojstvo";4
"2014";"15-19";"Rojeni v zakonski zvezi";"Tretje rojstvo";1
"2014";"15-19";"Rojeni v zakonski zvezi";"Èetrto rojstvo";0
"2014";"15-19";"Rojeni v zakonski zvezi";"Peto rojstvo";0
"2014";"15-19";"Rojeni v zakonski zvezi";"Šesto rojstvo ali veè";0
"2014";"15-19";"Rojeni zunaj zakonske zveze";"Prvo rojstvo";157
"2014";"15-19";"Rojeni zunaj zakonske zveze";"Drugo rojstvo";27
"2014";"15-19";"Rojeni zunaj zakonske zveze";"Tretje rojstvo";3
"2014";"15-19";"Rojeni zunaj zakonske zveze";"Èetrto rojstvo";0
"2014";"15-19";"Rojeni zunaj zakonske zveze";"Peto rojstvo";0
"2014";"15-19";"Rojeni zunaj zakonske zveze";"Šesto rojstvo ali veè";0
"2014";"20-24";"Rojeni v zakonski zvezi";"Prvo rojstvo";467
"2014";"20-24";"Rojeni v zakonski zvezi";"Drugo rojstvo";228
"2014";"20-24";"Rojeni v zakonski zvezi";"Tretje rojstvo";27
"2014";"20-24";"Rojeni v zakonski zvezi";"Èetrto rojstvo";4
"2014";"20-24";"Rojeni v zakonski zvezi";"Peto rojstvo";5
"2014";"20-24";"Rojeni v zakonski zvezi";"Šesto rojstvo ali veè";0
"2014";"20-24";"Rojeni zunaj zakonske zveze";"Prvo rojstvo";1203
"2014";"20-24";"Rojeni zunaj zakonske zveze";"Drugo rojstvo";273
"2014";"20-24";"Rojeni zunaj zakonske zveze";"Tretje rojstvo";28
"2014";"20-24";"Rojeni zunaj zakonske zveze";"Èetrto rojstvo";11
"2014";"20-24";"Rojeni zunaj zakonske zveze";"Peto rojstvo";5
"2014";"20-24";"Rojeni zunaj zakonske zveze";"Šesto rojstvo ali veè";5
"2014";"25-29";"Rojeni v zakonski zvezi";"Prvo rojstvo";1401
"2014";"25-29";"Rojeni v zakonski zvezi";"Drugo rojstvo";1261
"2014";"25-29";"Rojeni v zakonski zvezi";"Tretje rojstvo";245
"2014";"25-29";"Rojeni v zakonski zvezi";"Èetrto rojstvo";24
"2014";"25-29";"Rojeni v zakonski zvezi";"Peto rojstvo";7
"2014";"25-29";"Rojeni v zakonski zvezi";"Šesto rojstvo ali veè";5
"2014";"25-29";"Rojeni zunaj zakonske zveze";"Prvo rojstvo";2792
"2014";"25-29";"Rojeni zunaj zakonske zveze";"Drugo rojstvo";1246
"2014";"25-29";"Rojeni zunaj zakonske zveze";"Tretje rojstvo";133
"2014";"25-29";"Rojeni zunaj zakonske zveze";"Èetrto rojstvo";20
"2014";"25-29";"Rojeni zunaj zakonske zveze";"Peto rojstvo";9
"2014";"25-29";"Rojeni zunaj zakonske zveze";"Šesto rojstvo ali veè";8
"2014";"30-34";"Rojeni v zakonski zvezi";"Prvo rojstvo";938
"2014";"30-34";"Rojeni v zakonski zvezi";"Drugo rojstvo";1588
"2014";"30-34";"Rojeni v zakonski zvezi";"Tretje rojstvo";633
"2014";"30-34";"Rojeni v zakonski zvezi";"Èetrto rojstvo";120
"2014";"30-34";"Rojeni v zakonski zvezi";"Peto rojstvo";24
"2014";"30-34";"Rojeni v zakonski zvezi";"Šesto rojstvo ali veè";14
"2014";"30-34";"Rojeni zunaj zakonske zveze";"Prvo rojstvo";2030
"2014";"30-34";"Rojeni zunaj zakonske zveze";"Drugo rojstvo";1828
"2014";"30-34";"Rojeni zunaj zakonske zveze";"Tretje rojstvo";304
"2014";"30-34";"Rojeni zunaj zakonske zveze";"Èetrto rojstvo";37
"2014";"30-34";"Rojeni zunaj zakonske zveze";"Peto rojstvo";20
"2014";"30-34";"Rojeni zunaj zakonske zveze";"Šesto rojstvo ali veè";18
"2014";"35-39";"Rojeni v zakonski zvezi";"Prvo rojstvo";284
"2014";"35-39";"Rojeni v zakonski zvezi";"Drugo rojstvo";634
"2014";"35-39";"Rojeni v zakonski zvezi";"Tretje rojstvo";405
"2014";"35-39";"Rojeni v zakonski zvezi";"Èetrto rojstvo";144
"2014";"35-39";"Rojeni v zakonski zvezi";"Peto rojstvo";46
"2014";"35-39";"Rojeni v zakonski zvezi";"Šesto rojstvo ali veè";23
"2014";"35-39";"Rojeni zunaj zakonske zveze";"Prvo rojstvo";683
"2014";"35-39";"Rojeni zunaj zakonske zveze";"Drugo rojstvo";826
"2014";"35-39";"Rojeni zunaj zakonske zveze";"Tretje rojstvo";280
"2014";"35-39";"Rojeni zunaj zakonske zveze";"Èetrto rojstvo";60
"2014";"35-39";"Rojeni zunaj zakonske zveze";"Peto rojstvo";17
"2014";"35-39";"Rojeni zunaj zakonske zveze";"Šesto rojstvo ali veè";11
"2014";"40-44";"Rojeni v zakonski zvezi";"Prvo rojstvo";43
"2014";"40-44";"Rojeni v zakonski zvezi";"Drugo rojstvo";67
"2014";"40-44";"Rojeni v zakonski zvezi";"Tretje rojstvo";71
"2014";"40-44";"Rojeni v zakonski zvezi";"Èetrto rojstvo";33
"2014";"40-44";"Rojeni v zakonski zvezi";"Peto rojstvo";14
"2014";"40-44";"Rojeni v zakonski zvezi";"Šesto rojstvo ali veè";16
"2014";"40-44";"Rojeni zunaj zakonske zveze";"Prvo rojstvo";106
"2014";"40-44";"Rojeni zunaj zakonske zveze";"Drugo rojstvo";92
"2014";"40-44";"Rojeni zunaj zakonske zveze";"Tretje rojstvo";55
"2014";"40-44";"Rojeni zunaj zakonske zveze";"Èetrto rojstvo";19
"2014";"40-44";"Rojeni zunaj zakonske zveze";"Peto rojstvo";6
"2014";"40-44";"Rojeni zunaj zakonske zveze";"Šesto rojstvo ali veè";7
"2014";"45-49";"Rojeni v zakonski zvezi";"Prvo rojstvo";3
"2014";"45-49";"Rojeni v zakonski zvezi";"Drugo rojstvo";3
"2014";"45-49";"Rojeni v zakonski zvezi";"Tretje rojstvo";5
"2014";"45-49";"Rojeni v zakonski zvezi";"Èetrto rojstvo";2
"2014";"45-49";"Rojeni v zakonski zvezi";"Peto rojstvo";1
"2014";"45-49";"Rojeni v zakonski zvezi";"Šesto rojstvo ali veè";0
"2014";"45-49";"Rojeni zunaj zakonske zveze";"Prvo rojstvo";6
"2014";"45-49";"Rojeni zunaj zakonske zveze";"Drugo rojstvo";5
"2014";"45-49";"Rojeni zunaj zakonske zveze";"Tretje rojstvo";3
"2014";"45-49";"Rojeni zunaj zakonske zveze";"Èetrto rojstvo";0
"2014";"45-49";"Rojeni zunaj zakonske zveze";"Peto rojstvo";0
"2014";"45-49";"Rojeni zunaj zakonske zveze";"Šesto rojstvo ali veè";1
"2014";"50+";"Rojeni v zakonski zvezi";"Prvo rojstvo";0
"2014";"50+";"Rojeni v zakonski zvezi";"Drugo rojstvo";0
"2014";"50+";"Rojeni v zakonski zvezi";"Tretje rojstvo";0
"2014";"50+";"Rojeni v zakonski zvezi";"Èetrto rojstvo";0
"2014";"50+";"Rojeni v zakonski zvezi";"Peto rojstvo";0
"2014";"50+";"Rojeni v zakonski zvezi";"Šesto rojstvo ali veè";0
"2014";"50+";"Rojeni zunaj zakonske zveze";"Prvo rojstvo";0
"2014";"50+";"Rojeni zunaj zakonske zveze";"Drugo rojstvo";0
"2014";"50+";"Rojeni zunaj zakonske zveze";"Tretje rojstvo";0
"2014";"50+";"Rojeni zunaj zakonske zveze";"Èetrto rojstvo";0
"2014";"50+";"Rojeni zunaj zakonske zveze";"Peto rojstvo";0
"2014";"50+";"Rojeni zunaj zakonske zveze";"Šesto rojstvo ali veè";0
"2015";"Pod 15";"Rojeni v zakonski zvezi";"Prvo rojstvo";0
"2015";"Pod 15";"Rojeni v zakonski zvezi";"Drugo rojstvo";0
"2015";"Pod 15";"Rojeni v zakonski zvezi";"Tretje rojstvo";0
"2015";"Pod 15";"Rojeni v zakonski zvezi";"Èetrto rojstvo";0
"2015";"Pod 15";"Rojeni v zakonski zvezi";"Peto rojstvo";0
"2015";"Pod 15";"Rojeni v zakonski zvezi";"Šesto rojstvo ali veè";0
"2015";"Pod 15";"Rojeni zunaj zakonske zveze";"Prvo rojstvo";2
"2015";"Pod 15";"Rojeni zunaj zakonske zveze";"Drugo rojstvo";0
"2015";"Pod 15";"Rojeni zunaj zakonske zveze";"Tretje rojstvo";0
"2015";"Pod 15";"Rojeni zunaj zakonske zveze";"Èetrto rojstvo";0
"2015";"Pod 15";"Rojeni zunaj zakonske zveze";"Peto rojstvo";0
"2015";"Pod 15";"Rojeni zunaj zakonske zveze";"Šesto rojstvo ali veè";0
"2015";"15-19";"Rojeni v zakonski zvezi";"Prvo rojstvo";40
"2015";"15-19";"Rojeni v zakonski zvezi";"Drugo rojstvo";3
"2015";"15-19";"Rojeni v zakonski zvezi";"Tretje rojstvo";0
"2015";"15-19";"Rojeni v zakonski zvezi";"Èetrto rojstvo";0
"2015";"15-19";"Rojeni v zakonski zvezi";"Peto rojstvo";0
"2015";"15-19";"Rojeni v zakonski zvezi";"Šesto rojstvo ali veè";0
"2015";"15-19";"Rojeni zunaj zakonske zveze";"Prvo rojstvo";145
"2015";"15-19";"Rojeni zunaj zakonske zveze";"Drugo rojstvo";13
"2015";"15-19";"Rojeni zunaj zakonske zveze";"Tretje rojstvo";6
"2015";"15-19";"Rojeni zunaj zakonske zveze";"Èetrto rojstvo";1
"2015";"15-19";"Rojeni zunaj zakonske zveze";"Peto rojstvo";0
"2015";"15-19";"Rojeni zunaj zakonske zveze";"Šesto rojstvo ali veè";0
"2015";"20-24";"Rojeni v zakonski zvezi";"Prvo rojstvo";521
"2015";"20-24";"Rojeni v zakonski zvezi";"Drugo rojstvo";225
"2015";"20-24";"Rojeni v zakonski zvezi";"Tretje rojstvo";34
"2015";"20-24";"Rojeni v zakonski zvezi";"Èetrto rojstvo";6
"2015";"20-24";"Rojeni v zakonski zvezi";"Peto rojstvo";0
"2015";"20-24";"Rojeni v zakonski zvezi";"Šesto rojstvo ali veè";1
"2015";"20-24";"Rojeni zunaj zakonske zveze";"Prvo rojstvo";1075
"2015";"20-24";"Rojeni zunaj zakonske zveze";"Drugo rojstvo";257
"2015";"20-24";"Rojeni zunaj zakonske zveze";"Tretje rojstvo";26
"2015";"20-24";"Rojeni zunaj zakonske zveze";"Èetrto rojstvo";6
"2015";"20-24";"Rojeni zunaj zakonske zveze";"Peto rojstvo";2
"2015";"20-24";"Rojeni zunaj zakonske zveze";"Šesto rojstvo ali veè";0
"2015";"25-29";"Rojeni v zakonski zvezi";"Prvo rojstvo";1316
"2015";"25-29";"Rojeni v zakonski zvezi";"Drugo rojstvo";1143
"2015";"25-29";"Rojeni v zakonski zvezi";"Tretje rojstvo";264
"2015";"25-29";"Rojeni v zakonski zvezi";"Èetrto rojstvo";39
"2015";"25-29";"Rojeni v zakonski zvezi";"Peto rojstvo";9
"2015";"25-29";"Rojeni v zakonski zvezi";"Šesto rojstvo ali veè";5
"2015";"25-29";"Rojeni zunaj zakonske zveze";"Prvo rojstvo";2662
"2015";"25-29";"Rojeni zunaj zakonske zveze";"Drugo rojstvo";1251
"2015";"25-29";"Rojeni zunaj zakonske zveze";"Tretje rojstvo";142
"2015";"25-29";"Rojeni zunaj zakonske zveze";"Èetrto rojstvo";34
"2015";"25-29";"Rojeni zunaj zakonske zveze";"Peto rojstvo";11
"2015";"25-29";"Rojeni zunaj zakonske zveze";"Šesto rojstvo ali veè";10
"2015";"30-34";"Rojeni v zakonski zvezi";"Prvo rojstvo";955
"2015";"30-34";"Rojeni v zakonski zvezi";"Drugo rojstvo";1556
"2015";"30-34";"Rojeni v zakonski zvezi";"Tretje rojstvo";640
"2015";"30-34";"Rojeni v zakonski zvezi";"Èetrto rojstvo";114
"2015";"30-34";"Rojeni v zakonski zvezi";"Peto rojstvo";22
"2015";"30-34";"Rojeni v zakonski zvezi";"Šesto rojstvo ali veè";17
"2015";"30-34";"Rojeni zunaj zakonske zveze";"Prvo rojstvo";1989
"2015";"30-34";"Rojeni zunaj zakonske zveze";"Drugo rojstvo";1818
"2015";"30-34";"Rojeni zunaj zakonske zveze";"Tretje rojstvo";316
"2015";"30-34";"Rojeni zunaj zakonske zveze";"Èetrto rojstvo";31
"2015";"30-34";"Rojeni zunaj zakonske zveze";"Peto rojstvo";12
"2015";"30-34";"Rojeni zunaj zakonske zveze";"Šesto rojstvo ali veè";6
"2015";"35-39";"Rojeni v zakonski zvezi";"Prvo rojstvo";306
"2015";"35-39";"Rojeni v zakonski zvezi";"Drugo rojstvo";564
"2015";"35-39";"Rojeni v zakonski zvezi";"Tretje rojstvo";429
"2015";"35-39";"Rojeni v zakonski zvezi";"Èetrto rojstvo";124
"2015";"35-39";"Rojeni v zakonski zvezi";"Peto rojstvo";36
"2015";"35-39";"Rojeni v zakonski zvezi";"Šesto rojstvo ali veè";21
"2015";"35-39";"Rojeni zunaj zakonske zveze";"Prvo rojstvo";677
"2015";"35-39";"Rojeni zunaj zakonske zveze";"Drugo rojstvo";799
"2015";"35-39";"Rojeni zunaj zakonske zveze";"Tretje rojstvo";255
"2015";"35-39";"Rojeni zunaj zakonske zveze";"Èetrto rojstvo";48
"2015";"35-39";"Rojeni zunaj zakonske zveze";"Peto rojstvo";15
"2015";"35-39";"Rojeni zunaj zakonske zveze";"Šesto rojstvo ali veè";11
"2015";"40-44";"Rojeni v zakonski zvezi";"Prvo rojstvo";62
"2015";"40-44";"Rojeni v zakonski zvezi";"Drugo rojstvo";96
"2015";"40-44";"Rojeni v zakonski zvezi";"Tretje rojstvo";63
"2015";"40-44";"Rojeni v zakonski zvezi";"Èetrto rojstvo";36
"2015";"40-44";"Rojeni v zakonski zvezi";"Peto rojstvo";15
"2015";"40-44";"Rojeni v zakonski zvezi";"Šesto rojstvo ali veè";22
"2015";"40-44";"Rojeni zunaj zakonske zveze";"Prvo rojstvo";117
"2015";"40-44";"Rojeni zunaj zakonske zveze";"Drugo rojstvo";119
"2015";"40-44";"Rojeni zunaj zakonske zveze";"Tretje rojstvo";55
"2015";"40-44";"Rojeni zunaj zakonske zveze";"Èetrto rojstvo";12
"2015";"40-44";"Rojeni zunaj zakonske zveze";"Peto rojstvo";6
"2015";"40-44";"Rojeni zunaj zakonske zveze";"Šesto rojstvo ali veè";3
"2015";"45-49";"Rojeni v zakonski zvezi";"Prvo rojstvo";5
"2015";"45-49";"Rojeni v zakonski zvezi";"Drugo rojstvo";2
"2015";"45-49";"Rojeni v zakonski zvezi";"Tretje rojstvo";2
"2015";"45-49";"Rojeni v zakonski zvezi";"Èetrto rojstvo";0
"2015";"45-49";"Rojeni v zakonski zvezi";"Peto rojstvo";1
"2015";"45-49";"Rojeni v zakonski zvezi";"Šesto rojstvo ali veè";1
"2015";"45-49";"Rojeni zunaj zakonske zveze";"Prvo rojstvo";8
"2015";"45-49";"Rojeni zunaj zakonske zveze";"Drugo rojstvo";2
"2015";"45-49";"Rojeni zunaj zakonske zveze";"Tretje rojstvo";1
"2015";"45-49";"Rojeni zunaj zakonske zveze";"Èetrto rojstvo";0
"2015";"45-49";"Rojeni zunaj zakonske zveze";"Peto rojstvo";0
"2015";"45-49";"Rojeni zunaj zakonske zveze";"Šesto rojstvo ali veè";1
"2015";"50+";"Rojeni v zakonski zvezi";"Prvo rojstvo";1
"2015";"50+";"Rojeni v zakonski zvezi";"Drugo rojstvo";1
"2015";"50+";"Rojeni v zakonski zvezi";"Tretje rojstvo";0
"2015";"50+";"Rojeni v zakonski zvezi";"Èetrto rojstvo";0
"2015";"50+";"Rojeni v zakonski zvezi";"Peto rojstvo";0
"2015";"50+";"Rojeni v zakonski zvezi";"Šesto rojstvo ali veè";0
"2015";"50+";"Rojeni zunaj zakonske zveze";"Prvo rojstvo";0
"2015";"50+";"Rojeni zunaj zakonske zveze";"Drugo rojstvo";0
"2015";"50+";"Rojeni zunaj zakonske zveze";"Tretje rojstvo";0
"2015";"50+";"Rojeni zunaj zakonske zveze";"Èetrto rojstvo";0
"2015";"50+";"Rojeni zunaj zakonske zveze";"Peto rojstvo";0
"2015";"50+";"Rojeni zunaj zakonske zveze";"Šesto rojstvo ali veè";0
"2016";"Pod 15";"Rojeni v zakonski zvezi";"Prvo rojstvo";0
"2016";"Pod 15";"Rojeni v zakonski zvezi";"Drugo rojstvo";0
"2016";"Pod 15";"Rojeni v zakonski zvezi";"Tretje rojstvo";0
"2016";"Pod 15";"Rojeni v zakonski zvezi";"Èetrto rojstvo";0
"2016";"Pod 15";"Rojeni v zakonski zvezi";"Peto rojstvo";0
"2016";"Pod 15";"Rojeni v zakonski zvezi";"Šesto rojstvo ali veè";0
"2016";"Pod 15";"Rojeni zunaj zakonske zveze";"Prvo rojstvo";2
"2016";"Pod 15";"Rojeni zunaj zakonske zveze";"Drugo rojstvo";0
"2016";"Pod 15";"Rojeni zunaj zakonske zveze";"Tretje rojstvo";0
"2016";"Pod 15";"Rojeni zunaj zakonske zveze";"Èetrto rojstvo";0
"2016";"Pod 15";"Rojeni zunaj zakonske zveze";"Peto rojstvo";0
"2016";"Pod 15";"Rojeni zunaj zakonske zveze";"Šesto rojstvo ali veè";0
"2016";"15-19";"Rojeni v zakonski zvezi";"Prvo rojstvo";34
"2016";"15-19";"Rojeni v zakonski zvezi";"Drugo rojstvo";4
"2016";"15-19";"Rojeni v zakonski zvezi";"Tretje rojstvo";1
"2016";"15-19";"Rojeni v zakonski zvezi";"Èetrto rojstvo";0
"2016";"15-19";"Rojeni v zakonski zvezi";"Peto rojstvo";0
"2016";"15-19";"Rojeni v zakonski zvezi";"Šesto rojstvo ali veè";0
"2016";"15-19";"Rojeni zunaj zakonske zveze";"Prvo rojstvo";121
"2016";"15-19";"Rojeni zunaj zakonske zveze";"Drugo rojstvo";23
"2016";"15-19";"Rojeni zunaj zakonske zveze";"Tretje rojstvo";4
"2016";"15-19";"Rojeni zunaj zakonske zveze";"Èetrto rojstvo";1
"2016";"15-19";"Rojeni zunaj zakonske zveze";"Peto rojstvo";0
"2016";"15-19";"Rojeni zunaj zakonske zveze";"Šesto rojstvo ali veè";0
"2016";"20-24";"Rojeni v zakonski zvezi";"Prvo rojstvo";474
"2016";"20-24";"Rojeni v zakonski zvezi";"Drugo rojstvo";194
"2016";"20-24";"Rojeni v zakonski zvezi";"Tretje rojstvo";14
"2016";"20-24";"Rojeni v zakonski zvezi";"Èetrto rojstvo";3
"2016";"20-24";"Rojeni v zakonski zvezi";"Peto rojstvo";1
"2016";"20-24";"Rojeni v zakonski zvezi";"Šesto rojstvo ali veè";0
"2016";"20-24";"Rojeni zunaj zakonske zveze";"Prvo rojstvo";1041
"2016";"20-24";"Rojeni zunaj zakonske zveze";"Drugo rojstvo";244
"2016";"20-24";"Rojeni zunaj zakonske zveze";"Tretje rojstvo";30
"2016";"20-24";"Rojeni zunaj zakonske zveze";"Èetrto rojstvo";7
"2016";"20-24";"Rojeni zunaj zakonske zveze";"Peto rojstvo";2
"2016";"20-24";"Rojeni zunaj zakonske zveze";"Šesto rojstvo ali veè";2
"2016";"25-29";"Rojeni v zakonski zvezi";"Prvo rojstvo";1271
"2016";"25-29";"Rojeni v zakonski zvezi";"Drugo rojstvo";1149
"2016";"25-29";"Rojeni v zakonski zvezi";"Tretje rojstvo";262
"2016";"25-29";"Rojeni v zakonski zvezi";"Èetrto rojstvo";29
"2016";"25-29";"Rojeni v zakonski zvezi";"Peto rojstvo";10
"2016";"25-29";"Rojeni v zakonski zvezi";"Šesto rojstvo ali veè";0
"2016";"25-29";"Rojeni zunaj zakonske zveze";"Prvo rojstvo";2569
"2016";"25-29";"Rojeni zunaj zakonske zveze";"Drugo rojstvo";1215
"2016";"25-29";"Rojeni zunaj zakonske zveze";"Tretje rojstvo";152
"2016";"25-29";"Rojeni zunaj zakonske zveze";"Èetrto rojstvo";31
"2016";"25-29";"Rojeni zunaj zakonske zveze";"Peto rojstvo";12
"2016";"25-29";"Rojeni zunaj zakonske zveze";"Šesto rojstvo ali veè";7
"2016";"30-34";"Rojeni v zakonski zvezi";"Prvo rojstvo";892
"2016";"30-34";"Rojeni v zakonski zvezi";"Drugo rojstvo";1566
"2016";"30-34";"Rojeni v zakonski zvezi";"Tretje rojstvo";638
"2016";"30-34";"Rojeni v zakonski zvezi";"Èetrto rojstvo";121
"2016";"30-34";"Rojeni v zakonski zvezi";"Peto rojstvo";28
"2016";"30-34";"Rojeni v zakonski zvezi";"Šesto rojstvo ali veè";8
"2016";"30-34";"Rojeni zunaj zakonske zveze";"Prvo rojstvo";1999
"2016";"30-34";"Rojeni zunaj zakonske zveze";"Drugo rojstvo";1700
"2016";"30-34";"Rojeni zunaj zakonske zveze";"Tretje rojstvo";322
"2016";"30-34";"Rojeni zunaj zakonske zveze";"Èetrto rojstvo";47
"2016";"30-34";"Rojeni zunaj zakonske zveze";"Peto rojstvo";12
"2016";"30-34";"Rojeni zunaj zakonske zveze";"Šesto rojstvo ali veè";17
"2016";"35-39";"Rojeni v zakonski zvezi";"Prvo rojstvo";302
"2016";"35-39";"Rojeni v zakonski zvezi";"Drugo rojstvo";575
"2016";"35-39";"Rojeni v zakonski zvezi";"Tretje rojstvo";370
"2016";"35-39";"Rojeni v zakonski zvezi";"Èetrto rojstvo";130
"2016";"35-39";"Rojeni v zakonski zvezi";"Peto rojstvo";36
"2016";"35-39";"Rojeni v zakonski zvezi";"Šesto rojstvo ali veè";14
"2016";"35-39";"Rojeni zunaj zakonske zveze";"Prvo rojstvo";736
"2016";"35-39";"Rojeni zunaj zakonske zveze";"Drugo rojstvo";875
"2016";"35-39";"Rojeni zunaj zakonske zveze";"Tretje rojstvo";271
"2016";"35-39";"Rojeni zunaj zakonske zveze";"Èetrto rojstvo";56
"2016";"35-39";"Rojeni zunaj zakonske zveze";"Peto rojstvo";16
"2016";"35-39";"Rojeni zunaj zakonske zveze";"Šesto rojstvo ali veè";6
"2016";"40-44";"Rojeni v zakonski zvezi";"Prvo rojstvo";53
"2016";"40-44";"Rojeni v zakonski zvezi";"Drugo rojstvo";91
"2016";"40-44";"Rojeni v zakonski zvezi";"Tretje rojstvo";71
"2016";"40-44";"Rojeni v zakonski zvezi";"Èetrto rojstvo";43
"2016";"40-44";"Rojeni v zakonski zvezi";"Peto rojstvo";13
"2016";"40-44";"Rojeni v zakonski zvezi";"Šesto rojstvo ali veè";19
"2016";"40-44";"Rojeni zunaj zakonske zveze";"Prvo rojstvo";137
"2016";"40-44";"Rojeni zunaj zakonske zveze";"Drugo rojstvo";144
"2016";"40-44";"Rojeni zunaj zakonske zveze";"Tretje rojstvo";62
"2016";"40-44";"Rojeni zunaj zakonske zveze";"Èetrto rojstvo";25
"2016";"40-44";"Rojeni zunaj zakonske zveze";"Peto rojstvo";7
"2016";"40-44";"Rojeni zunaj zakonske zveze";"Šesto rojstvo ali veè";0
"2016";"45-49";"Rojeni v zakonski zvezi";"Prvo rojstvo";4
"2016";"45-49";"Rojeni v zakonski zvezi";"Drugo rojstvo";5
"2016";"45-49";"Rojeni v zakonski zvezi";"Tretje rojstvo";2
"2016";"45-49";"Rojeni v zakonski zvezi";"Èetrto rojstvo";2
"2016";"45-49";"Rojeni v zakonski zvezi";"Peto rojstvo";0
"2016";"45-49";"Rojeni v zakonski zvezi";"Šesto rojstvo ali veè";0
"2016";"45-49";"Rojeni zunaj zakonske zveze";"Prvo rojstvo";5
"2016";"45-49";"Rojeni zunaj zakonske zveze";"Drugo rojstvo";8
"2016";"45-49";"Rojeni zunaj zakonske zveze";"Tretje rojstvo";2
"2016";"45-49";"Rojeni zunaj zakonske zveze";"Èetrto rojstvo";4
"2016";"45-49";"Rojeni zunaj zakonske zveze";"Peto rojstvo";1
"2016";"45-49";"Rojeni zunaj zakonske zveze";"Šesto rojstvo ali veè";0
"2016";"50+";"Rojeni v zakonski zvezi";"Prvo rojstvo";0
"2016";"50+";"Rojeni v zakonski zvezi";"Drugo rojstvo";0
"2016";"50+";"Rojeni v zakonski zvezi";"Tretje rojstvo";0
"2016";"50+";"Rojeni v zakonski zvezi";"Èetrto rojstvo";0
"2016";"50+";"Rojeni v zakonski zvezi";"Peto rojstvo";0
"2016";"50+";"Rojeni v zakonski zvezi";"Šesto rojstvo ali veè";0
"2016";"50+";"Rojeni zunaj zakonske zveze";"Prvo rojstvo";0
"2016";"50+";"Rojeni zunaj zakonske zveze";"Drugo rojstvo";1
"2016";"50+";"Rojeni zunaj zakonske zveze";"Tretje rojstvo";0
"2016";"50+";"Rojeni zunaj zakonske zveze";"Èetrto rojstvo";0
"2016";"50+";"Rojeni zunaj zakonske zveze";"Peto rojstvo";0
"2016";"50+";"Rojeni zunaj zakonske zveze";"Šesto rojstvo ali veè";0
"2017";"Pod 15";"Rojeni v zakonski zvezi";"Prvo rojstvo";0
"2017";"Pod 15";"Rojeni v zakonski zvezi";"Drugo rojstvo";0
"2017";"Pod 15";"Rojeni v zakonski zvezi";"Tretje rojstvo";0
"2017";"Pod 15";"Rojeni v zakonski zvezi";"Èetrto rojstvo";0
"2017";"Pod 15";"Rojeni v zakonski zvezi";"Peto rojstvo";0
"2017";"Pod 15";"Rojeni v zakonski zvezi";"Šesto rojstvo ali veè";0
"2017";"Pod 15";"Rojeni zunaj zakonske zveze";"Prvo rojstvo";2
"2017";"Pod 15";"Rojeni zunaj zakonske zveze";"Drugo rojstvo";0
"2017";"Pod 15";"Rojeni zunaj zakonske zveze";"Tretje rojstvo";0
"2017";"Pod 15";"Rojeni zunaj zakonske zveze";"Èetrto rojstvo";0
"2017";"Pod 15";"Rojeni zunaj zakonske zveze";"Peto rojstvo";0
"2017";"Pod 15";"Rojeni zunaj zakonske zveze";"Šesto rojstvo ali veè";0
"2017";"15-19";"Rojeni v zakonski zvezi";"Prvo rojstvo";36
"2017";"15-19";"Rojeni v zakonski zvezi";"Drugo rojstvo";4
"2017";"15-19";"Rojeni v zakonski zvezi";"Tretje rojstvo";0
"2017";"15-19";"Rojeni v zakonski zvezi";"Èetrto rojstvo";0
"2017";"15-19";"Rojeni v zakonski zvezi";"Peto rojstvo";0
"2017";"15-19";"Rojeni v zakonski zvezi";"Šesto rojstvo ali veè";0
"2017";"15-19";"Rojeni zunaj zakonske zveze";"Prvo rojstvo";113
"2017";"15-19";"Rojeni zunaj zakonske zveze";"Drugo rojstvo";28
"2017";"15-19";"Rojeni zunaj zakonske zveze";"Tretje rojstvo";0
"2017";"15-19";"Rojeni zunaj zakonske zveze";"Èetrto rojstvo";0
"2017";"15-19";"Rojeni zunaj zakonske zveze";"Peto rojstvo";0
"2017";"15-19";"Rojeni zunaj zakonske zveze";"Šesto rojstvo ali veè";0
"2017";"20-24";"Rojeni v zakonski zvezi";"Prvo rojstvo";491
"2017";"20-24";"Rojeni v zakonski zvezi";"Drugo rojstvo";211
"2017";"20-24";"Rojeni v zakonski zvezi";"Tretje rojstvo";25
"2017";"20-24";"Rojeni v zakonski zvezi";"Èetrto rojstvo";2
"2017";"20-24";"Rojeni v zakonski zvezi";"Peto rojstvo";2
"2017";"20-24";"Rojeni v zakonski zvezi";"Šesto rojstvo ali veè";1
"2017";"20-24";"Rojeni zunaj zakonske zveze";"Prvo rojstvo";1060
"2017";"20-24";"Rojeni zunaj zakonske zveze";"Drugo rojstvo";259
"2017";"20-24";"Rojeni zunaj zakonske zveze";"Tretje rojstvo";36
"2017";"20-24";"Rojeni zunaj zakonske zveze";"Èetrto rojstvo";14
"2017";"20-24";"Rojeni zunaj zakonske zveze";"Peto rojstvo";2
"2017";"20-24";"Rojeni zunaj zakonske zveze";"Šesto rojstvo ali veè";1
"2017";"25-29";"Rojeni v zakonski zvezi";"Prvo rojstvo";1241
"2017";"25-29";"Rojeni v zakonski zvezi";"Drugo rojstvo";1124
"2017";"25-29";"Rojeni v zakonski zvezi";"Tretje rojstvo";275
"2017";"25-29";"Rojeni v zakonski zvezi";"Èetrto rojstvo";36
"2017";"25-29";"Rojeni v zakonski zvezi";"Peto rojstvo";9
"2017";"25-29";"Rojeni v zakonski zvezi";"Šesto rojstvo ali veè";6
"2017";"25-29";"Rojeni zunaj zakonske zveze";"Prvo rojstvo";2383
"2017";"25-29";"Rojeni zunaj zakonske zveze";"Drugo rojstvo";1219
"2017";"25-29";"Rojeni zunaj zakonske zveze";"Tretje rojstvo";139
"2017";"25-29";"Rojeni zunaj zakonske zveze";"Èetrto rojstvo";28
"2017";"25-29";"Rojeni zunaj zakonske zveze";"Peto rojstvo";6
"2017";"25-29";"Rojeni zunaj zakonske zveze";"Šesto rojstvo ali veè";5
"2017";"30-34";"Rojeni v zakonski zvezi";"Prvo rojstvo";933
"2017";"30-34";"Rojeni v zakonski zvezi";"Drugo rojstvo";1521
"2017";"30-34";"Rojeni v zakonski zvezi";"Tretje rojstvo";644
"2017";"30-34";"Rojeni v zakonski zvezi";"Èetrto rojstvo";125
"2017";"30-34";"Rojeni v zakonski zvezi";"Peto rojstvo";34
"2017";"30-34";"Rojeni v zakonski zvezi";"Šesto rojstvo ali veè";19
"2017";"30-34";"Rojeni zunaj zakonske zveze";"Prvo rojstvo";1794
"2017";"30-34";"Rojeni zunaj zakonske zveze";"Drugo rojstvo";1863
"2017";"30-34";"Rojeni zunaj zakonske zveze";"Tretje rojstvo";306
"2017";"30-34";"Rojeni zunaj zakonske zveze";"Èetrto rojstvo";47
"2017";"30-34";"Rojeni zunaj zakonske zveze";"Peto rojstvo";8
"2017";"30-34";"Rojeni zunaj zakonske zveze";"Šesto rojstvo ali veè";15
"2017";"35-39";"Rojeni v zakonski zvezi";"Prvo rojstvo";305
"2017";"35-39";"Rojeni v zakonski zvezi";"Drugo rojstvo";644
"2017";"35-39";"Rojeni v zakonski zvezi";"Tretje rojstvo";399
"2017";"35-39";"Rojeni v zakonski zvezi";"Èetrto rojstvo";116
"2017";"35-39";"Rojeni v zakonski zvezi";"Peto rojstvo";47
"2017";"35-39";"Rojeni v zakonski zvezi";"Šesto rojstvo ali veè";23
"2017";"35-39";"Rojeni zunaj zakonske zveze";"Prvo rojstvo";665
"2017";"35-39";"Rojeni zunaj zakonske zveze";"Drugo rojstvo";877
"2017";"35-39";"Rojeni zunaj zakonske zveze";"Tretje rojstvo";281
"2017";"35-39";"Rojeni zunaj zakonske zveze";"Èetrto rojstvo";57
"2017";"35-39";"Rojeni zunaj zakonske zveze";"Peto rojstvo";12
"2017";"35-39";"Rojeni zunaj zakonske zveze";"Šesto rojstvo ali veè";16
"2017";"40-44";"Rojeni v zakonski zvezi";"Prvo rojstvo";74
"2017";"40-44";"Rojeni v zakonski zvezi";"Drugo rojstvo";111
"2017";"40-44";"Rojeni v zakonski zvezi";"Tretje rojstvo";66
"2017";"40-44";"Rojeni v zakonski zvezi";"Èetrto rojstvo";34
"2017";"40-44";"Rojeni v zakonski zvezi";"Peto rojstvo";18
"2017";"40-44";"Rojeni v zakonski zvezi";"Šesto rojstvo ali veè";16
"2017";"40-44";"Rojeni zunaj zakonske zveze";"Prvo rojstvo";155
"2017";"40-44";"Rojeni zunaj zakonske zveze";"Drugo rojstvo";130
"2017";"40-44";"Rojeni zunaj zakonske zveze";"Tretje rojstvo";64
"2017";"40-44";"Rojeni zunaj zakonske zveze";"Èetrto rojstvo";16
"2017";"40-44";"Rojeni zunaj zakonske zveze";"Peto rojstvo";11
"2017";"40-44";"Rojeni zunaj zakonske zveze";"Šesto rojstvo ali veè";1
"2017";"45-49";"Rojeni v zakonski zvezi";"Prvo rojstvo";6
"2017";"45-49";"Rojeni v zakonski zvezi";"Drugo rojstvo";7
"2017";"45-49";"Rojeni v zakonski zvezi";"Tretje rojstvo";2
"2017";"45-49";"Rojeni v zakonski zvezi";"Èetrto rojstvo";1
"2017";"45-49";"Rojeni v zakonski zvezi";"Peto rojstvo";0
"2017";"45-49";"Rojeni v zakonski zvezi";"Šesto rojstvo ali veè";1
"2017";"45-49";"Rojeni zunaj zakonske zveze";"Prvo rojstvo";9
"2017";"45-49";"Rojeni zunaj zakonske zveze";"Drugo rojstvo";5
"2017";"45-49";"Rojeni zunaj zakonske zveze";"Tretje rojstvo";3
"2017";"45-49";"Rojeni zunaj zakonske zveze";"Èetrto rojstvo";0
"2017";"45-49";"Rojeni zunaj zakonske zveze";"Peto rojstvo";0
"2017";"45-49";"Rojeni zunaj zakonske zveze";"Šesto rojstvo ali veè";0
"2017";"50+";"Rojeni v zakonski zvezi";"Prvo rojstvo";1
"2017";"50+";"Rojeni v zakonski zvezi";"Drugo rojstvo";0
"2017";"50+";"Rojeni v zakonski zvezi";"Tretje rojstvo";1
"2017";"50+";"Rojeni v zakonski zvezi";"Èetrto rojstvo";0
"2017";"50+";"Rojeni v zakonski zvezi";"Peto rojstvo";0
"2017";"50+";"Rojeni v zakonski zvezi";"Šesto rojstvo ali veè";0
"2017";"50+";"Rojeni zunaj zakonske zveze";"Prvo rojstvo";0
"2017";"50+";"Rojeni zunaj zakonske zveze";"Drugo rojstvo";0
"2017";"50+";"Rojeni zunaj zakonske zveze";"Tretje rojstvo";0
"2017";"50+";"Rojeni zunaj zakonske zveze";"Èetrto rojstvo";0
"2017";"50+";"Rojeni zunaj zakonske zveze";"Peto rojstvo";0
"2017";"50+";"Rojeni zunaj zakonske zveze";"Šesto rojstvo ali veè";0
"2018";"Pod 15";"Rojeni v zakonski zvezi";"Prvo rojstvo";0
"2018";"Pod 15";"Rojeni v zakonski zvezi";"Drugo rojstvo";0
"2018";"Pod 15";"Rojeni v zakonski zvezi";"Tretje rojstvo";0
"2018";"Pod 15";"Rojeni v zakonski zvezi";"Èetrto rojstvo";0
"2018";"Pod 15";"Rojeni v zakonski zvezi";"Peto rojstvo";0
"2018";"Pod 15";"Rojeni v zakonski zvezi";"Šesto rojstvo ali veè";0
"2018";"Pod 15";"Rojeni zunaj zakonske zveze";"Prvo rojstvo";1
"2018";"Pod 15";"Rojeni zunaj zakonske zveze";"Drugo rojstvo";0
"2018";"Pod 15";"Rojeni zunaj zakonske zveze";"Tretje rojstvo";0
"2018";"Pod 15";"Rojeni zunaj zakonske zveze";"Èetrto rojstvo";0
"2018";"Pod 15";"Rojeni zunaj zakonske zveze";"Peto rojstvo";0
"2018";"Pod 15";"Rojeni zunaj zakonske zveze";"Šesto rojstvo ali veè";0
"2018";"15-19";"Rojeni v zakonski zvezi";"Prvo rojstvo";24
"2018";"15-19";"Rojeni v zakonski zvezi";"Drugo rojstvo";7
"2018";"15-19";"Rojeni v zakonski zvezi";"Tretje rojstvo";1
"2018";"15-19";"Rojeni v zakonski zvezi";"Èetrto rojstvo";0
"2018";"15-19";"Rojeni v zakonski zvezi";"Peto rojstvo";0
"2018";"15-19";"Rojeni v zakonski zvezi";"Šesto rojstvo ali veè";0
"2018";"15-19";"Rojeni zunaj zakonske zveze";"Prvo rojstvo";106
"2018";"15-19";"Rojeni zunaj zakonske zveze";"Drugo rojstvo";25
"2018";"15-19";"Rojeni zunaj zakonske zveze";"Tretje rojstvo";9
"2018";"15-19";"Rojeni zunaj zakonske zveze";"Èetrto rojstvo";0
"2018";"15-19";"Rojeni zunaj zakonske zveze";"Peto rojstvo";0
"2018";"15-19";"Rojeni zunaj zakonske zveze";"Šesto rojstvo ali veè";0
"2018";"20-24";"Rojeni v zakonski zvezi";"Prvo rojstvo";442
"2018";"20-24";"Rojeni v zakonski zvezi";"Drugo rojstvo";210
"2018";"20-24";"Rojeni v zakonski zvezi";"Tretje rojstvo";31
"2018";"20-24";"Rojeni v zakonski zvezi";"Èetrto rojstvo";4
"2018";"20-24";"Rojeni v zakonski zvezi";"Peto rojstvo";1
"2018";"20-24";"Rojeni v zakonski zvezi";"Šesto rojstvo ali veè";0
"2018";"20-24";"Rojeni zunaj zakonske zveze";"Prvo rojstvo";1070
"2018";"20-24";"Rojeni zunaj zakonske zveze";"Drugo rojstvo";272
"2018";"20-24";"Rojeni zunaj zakonske zveze";"Tretje rojstvo";32
"2018";"20-24";"Rojeni zunaj zakonske zveze";"Èetrto rojstvo";9
"2018";"20-24";"Rojeni zunaj zakonske zveze";"Peto rojstvo";3
"2018";"20-24";"Rojeni zunaj zakonske zveze";"Šesto rojstvo ali veè";0
"2018";"25-29";"Rojeni v zakonski zvezi";"Prvo rojstvo";1141
"2018";"25-29";"Rojeni v zakonski zvezi";"Drugo rojstvo";1076
"2018";"25-29";"Rojeni v zakonski zvezi";"Tretje rojstvo";242
"2018";"25-29";"Rojeni v zakonski zvezi";"Èetrto rojstvo";44
"2018";"25-29";"Rojeni v zakonski zvezi";"Peto rojstvo";4
"2018";"25-29";"Rojeni v zakonski zvezi";"Šesto rojstvo ali veè";2
"2018";"25-29";"Rojeni zunaj zakonske zveze";"Prvo rojstvo";2215
"2018";"25-29";"Rojeni zunaj zakonske zveze";"Drugo rojstvo";1155
"2018";"25-29";"Rojeni zunaj zakonske zveze";"Tretje rojstvo";144
"2018";"25-29";"Rojeni zunaj zakonske zveze";"Èetrto rojstvo";30
"2018";"25-29";"Rojeni zunaj zakonske zveze";"Peto rojstvo";1
"2018";"25-29";"Rojeni zunaj zakonske zveze";"Šesto rojstvo ali veè";8
"2018";"30-34";"Rojeni v zakonski zvezi";"Prvo rojstvo";903
"2018";"30-34";"Rojeni v zakonski zvezi";"Drugo rojstvo";1476
"2018";"30-34";"Rojeni v zakonski zvezi";"Tretje rojstvo";615
"2018";"30-34";"Rojeni v zakonski zvezi";"Èetrto rojstvo";132
"2018";"30-34";"Rojeni v zakonski zvezi";"Peto rojstvo";27
"2018";"30-34";"Rojeni v zakonski zvezi";"Šesto rojstvo ali veè";22
"2018";"30-34";"Rojeni zunaj zakonske zveze";"Prvo rojstvo";1769
"2018";"30-34";"Rojeni zunaj zakonske zveze";"Drugo rojstvo";1732
"2018";"30-34";"Rojeni zunaj zakonske zveze";"Tretje rojstvo";300
"2018";"30-34";"Rojeni zunaj zakonske zveze";"Èetrto rojstvo";55
"2018";"30-34";"Rojeni zunaj zakonske zveze";"Peto rojstvo";15
"2018";"30-34";"Rojeni zunaj zakonske zveze";"Šesto rojstvo ali veè";10
"2018";"35-39";"Rojeni v zakonski zvezi";"Prvo rojstvo";315
"2018";"35-39";"Rojeni v zakonski zvezi";"Drugo rojstvo";609
"2018";"35-39";"Rojeni v zakonski zvezi";"Tretje rojstvo";438
"2018";"35-39";"Rojeni v zakonski zvezi";"Èetrto rojstvo";152
"2018";"35-39";"Rojeni v zakonski zvezi";"Peto rojstvo";31
"2018";"35-39";"Rojeni v zakonski zvezi";"Šesto rojstvo ali veè";24
"2018";"35-39";"Rojeni zunaj zakonske zveze";"Prvo rojstvo";704
"2018";"35-39";"Rojeni zunaj zakonske zveze";"Drugo rojstvo";865
"2018";"35-39";"Rojeni zunaj zakonske zveze";"Tretje rojstvo";288
"2018";"35-39";"Rojeni zunaj zakonske zveze";"Èetrto rojstvo";53
"2018";"35-39";"Rojeni zunaj zakonske zveze";"Peto rojstvo";13
"2018";"35-39";"Rojeni zunaj zakonske zveze";"Šesto rojstvo ali veè";10
"2018";"40-44";"Rojeni v zakonski zvezi";"Prvo rojstvo";67
"2018";"40-44";"Rojeni v zakonski zvezi";"Drugo rojstvo";90
"2018";"40-44";"Rojeni v zakonski zvezi";"Tretje rojstvo";76
"2018";"40-44";"Rojeni v zakonski zvezi";"Èetrto rojstvo";36
"2018";"40-44";"Rojeni v zakonski zvezi";"Peto rojstvo";13
"2018";"40-44";"Rojeni v zakonski zvezi";"Šesto rojstvo ali veè";15
"2018";"40-44";"Rojeni zunaj zakonske zveze";"Prvo rojstvo";134
"2018";"40-44";"Rojeni zunaj zakonske zveze";"Drugo rojstvo";142
"2018";"40-44";"Rojeni zunaj zakonske zveze";"Tretje rojstvo";67
"2018";"40-44";"Rojeni zunaj zakonske zveze";"Èetrto rojstvo";25
"2018";"40-44";"Rojeni zunaj zakonske zveze";"Peto rojstvo";6
"2018";"40-44";"Rojeni zunaj zakonske zveze";"Šesto rojstvo ali veè";3
"2018";"45-49";"Rojeni v zakonski zvezi";"Prvo rojstvo";2
"2018";"45-49";"Rojeni v zakonski zvezi";"Drugo rojstvo";6
"2018";"45-49";"Rojeni v zakonski zvezi";"Tretje rojstvo";5
"2018";"45-49";"Rojeni v zakonski zvezi";"Èetrto rojstvo";5
"2018";"45-49";"Rojeni v zakonski zvezi";"Peto rojstvo";0
"2018";"45-49";"Rojeni v zakonski zvezi";"Šesto rojstvo ali veè";2
"2018";"45-49";"Rojeni zunaj zakonske zveze";"Prvo rojstvo";8
"2018";"45-49";"Rojeni zunaj zakonske zveze";"Drugo rojstvo";3
"2018";"45-49";"Rojeni zunaj zakonske zveze";"Tretje rojstvo";4
"2018";"45-49";"Rojeni zunaj zakonske zveze";"Èetrto rojstvo";3
"2018";"45-49";"Rojeni zunaj zakonske zveze";"Peto rojstvo";1
"2018";"45-49";"Rojeni zunaj zakonske zveze";"Šesto rojstvo ali veè";0
"2018";"50+";"Rojeni v zakonski zvezi";"Prvo rojstvo";0
"2018";"50+";"Rojeni v zakonski zvezi";"Drugo rojstvo";0
"2018";"50+";"Rojeni v zakonski zvezi";"Tretje rojstvo";2
"2018";"50+";"Rojeni v zakonski zvezi";"Èetrto rojstvo";1
"2018";"50+";"Rojeni v zakonski zvezi";"Peto rojstvo";0
"2018";"50+";"Rojeni v zakonski zvezi";"Šesto rojstvo ali veè";0
"2018";"50+";"Rojeni zunaj zakonske zveze";"Prvo rojstvo";1
"2018";"50+";"Rojeni zunaj zakonske zveze";"Drugo rojstvo";1
"2018";"50+";"Rojeni zunaj zakonske zveze";"Tretje rojstvo";0
"2018";"50+";"Rojeni zunaj zakonske zveze";"Èetrto rojstvo";0
"2018";"50+";"Rojeni zunaj zakonske zveze";"Peto rojstvo";0
"2018";"50+";"Rojeni zunaj zakonske zveze";"Šesto rojstvo ali veè";0
